Name,Country,lat,lon
Aboño,Spain,43.5647589,-5.718300600000001
Abthb,United Kingdom,51.3810641,-2.3590167
Abthgt,United Kingdom,55.9024,-3.643118
Abwinden asten,Austria,48.2188234,14.4202806
Acceglio,Italy,44.47501500000001,6.988893
Aceca uf,Spain,39.95,-3.85
Acerra,Italy,40.9441091,14.371438
Acquoria,Italy,41.9627412,12.7817991
Adamów,Poland,51.7199751,22.2024812
Adria,Italy,45.0555487,12.0560381
Aes ottana energia s.r.l,Italy,40.2338,9.0421
Aet leventina,Switzerland,46.5315975,8.7195556
Aggius bortigiadas viddalba,Italy,40.8909278,9.042497599999999
Aggius viddalba,Italy,40.9300376,9.064926999999999
Aghada prod,Ireland,51.836983,-8.2089958
Agordo,Italy,46.2838939,12.0345018
Agras,Greece,40.8058655,22.0032706
Agri,Italy,40.4164463,15.7386013
Aguayo,Spain,43.0752838,-4.018466099999999
Aguieira,Portugal,40.530463,-7.921155499999998
Aigle,France,48.764651,0.628715
Airasca,Italy,44.9171106,7.4893491
Airole,Italy,43.8712411,7.5555666
Ajkai hőerőmű,Hungary,47.0966727,17.5600077
Akw wägital,Switzerland,47.17176389999999,8.900031
Ala,Italy,45.7625639,11.0051732
Alanno,Italy,42.296299,13.9677519
Albano,Italy,41.7284572,12.6589426
Albapower spa,Italy,44.7034132,8.026922899999999
Alberona mezzanelle,Italy,41.432188,15.1242439
Alcamo,Italy,37.9783947,12.9686255
Alcantara nord,Italy,37.8973033,15.083582
Alcantara sud,Italy,37.8973033,15.083582
Alfonsine,Italy,44.5059036,12.0430671
Alg,Spain,41.4025054,2.1934685
Alholmens kraft,Finland,63.70497340000001,22.6947953
Alisea,Italy,45.5859928,11.5342876
Aliveri,Greece,38.4092722,24.0400763
Almaraz,Spain,39.814327,-5.675295699999999
Alouminio,Greece,38.36084040000001,22.6917236
Alpiq csepel erőmű,Hungary,47.4308426,19.0568323
Alqueva,Portugal,38.2312544,-7.557223100000001
Alta krv,Norway,69.95502979999999,23.3279046
Altbach deizisau,Germany,48.72227969999999,9.380059
Altenwörth,Austria,48.38507999999999,15.86117
Alto garda srl,Italy,45.8343448,10.6880154
Alto lindoso,Portugal,41.8721126,-8.202874399999999
Altomonte,Italy,39.69848169999999,16.1289488
Amagervaerket,Denmark,55.68372240000001,12.6244942
Amaroni,Italy,38.792906,16.4462245
Ambiente,Italy,45.4717019,9.2100428
Ambieta,Spain,42.2148767,-7.708795499999999
Amer,Netherlands,51.72405209999999,4.758452399999999
Amercoeur tgv,Belgium,50.6362947,5.5917374
Amyndeo,Greece,40.6905178,21.6797432
Ana sira,Norway,58.2924889,6.440261100000001
Andonno c.,Italy,44.2952993,7.429002999999999
Andretta mw,Italy,40.9403631,15.3270223
Anholt,Denmark,56.71199559999999,11.5547024
Anllares,Spain,42.8466592,-6.544314699999999
Ansuw,United Kingdom,51.4530026,-2.5892719
Aoou,Greece,39.8248,21.0892601
Apecchio monte dei sospiri,Italy,43.559025,12.420129
Appia energy s.r.l.,Italy,40.5878971,17.1160344
Aramon,France,43.89084099999999,4.679412999999999
Archw,United Kingdom,51.5648883,-0.1323808
Arcos,Spain,36.7560042,-5.8116522
Ardenno,Italy,46.1700698,9.6507395
Ardnacrucha production unit,Ireland,52.70909839999999,-8.6139472
Ariano irpino,Italy,41.1548934,15.0922763
Aros,Sweden,59.60990049999999,16.5448092
Arrubal,Spain,42.434452,-2.2519623
Arsie',Italy,45.9830102,11.756288
Aschach,Austria,48.3641034,14.0193903
Asco,Spain,41.1827575,0.5671571
Ascoli deliceto,Italy,41.2230168,15.3861953
Ascoli porta romana,Italy,42.8546848,13.566754
Ascoli satriano,Italy,41.2033413,15.5627449
Ascoli satriano località lagnano pozzo zingaro,Italy,41.2461957,15.6053106
Askara,Norway,61.78333329999999,5.6666667
Asnaesvaerket,Denmark,55.6606658,11.0845619
Asomata,Greece,40.4869972,22.2332384
Assemini,Italy,39.2106099,9.0018424
Aston,France,42.774335,1.675064
Aughinish alumnia sealrock,Ireland,52.6211111,-9.066111099999999
Augusta c.le,Italy,37.2500684,15.2216971
Aura,Norway,60.39191899999999,5.330715
Aurland,Norway,60.9068343,7.190534899999999
Auvere kondensatsioonielektrijaam,Estonia,59.3186346,27.9158382
Avedoerevaerket,Denmark,55.6035926,12.4812653
Aventino,Italy,41.8824826,12.4776405
Avezzano,Italy,42.0281396,13.4255637
Aviglaino,Italy,40.7299,15.7145967
Avignon,France,43.94931700000001,4.805528
Avise,Italy,45.7086376,7.139643800000001
Azotati,Italy,45.462577,12.2344301
Azoty tarnów,Poland,50.0161945,20.9276651
Babaw,United Kingdom,54.7682332,-1.572514
Bagaladi,Italy,38.0254433,15.8210305
Bage,United Kingdom,52.082518,-3.024862
Bagnore,Italy,42.8467047,11.5678615
Bahiab,Spain,36.4360497,-5.107901399999999
Baix logis neuf,France,44.66236,4.791905
Baixo sabor montante,Portugal,41.533316,-6.7735711
Bakonyi bioerőmű,Hungary,47.0966727,17.5600077
Bakonyi gázturbinás erőmű,Hungary,47.0966727,17.5600077
Balsorano,Italy,41.7917551,13.5784012
Balti eleketrijaam,Estonia,59.35367720000001,28.1216086
Banzi,Italy,40.8622377,16.0128548
Barcis,Italy,46.19071779999999,12.5592842
Bardonecchia,Italy,45.07428609999999,6.6960506
Bardonetto,Italy,45.4078695,7.4896508
Bargi,Italy,44.1260632,11.0588536
Barkb,United Kingdom,52.6825382,-1.0603381
Barletta mw,Italy,41.3196635,16.2838207
Barrios,Spain,36.1850645,-5.4925573
Baschi,Italy,42.66938649999999,12.2163084
Baselice edens,Italy,41.3920535,14.9732297
Basilio,Italy,39.5240951,9.2009815
Bastardo,Italy,42.8714814,12.5602688
Bathie,France,45.6262169,6.449892999999999
Battiggio,Italy,45.98437,8.1251984
Beauchastel,France,44.8258962,4.8028322
Belleville,France,48.8728179,2.389461
Bemposta,Portugal,41.3077834,-6.503643299999999
Bergeforsen,Sweden,62.5253472,17.3746134
Bergkamen,Germany,51.6158082,7.6429742
Beringen,Belgium,51.04793,5.21862
Besos,Spain,41.4862955,2.1925285
Bexbach,Germany,49.35602249999999,7.255374499999999
Bełchatów,Poland,51.3687535,19.3564248
Biccari,Italy,41.3984747,15.1980786
Biogen chivasso,Italy,45.2000262,7.8901694
Biolevano biomassa,Italy,45.2207816,8.7035295
Biomassa rignano,Italy,43.7235312,11.4468796
Biomasse bando d'argenta,Italy,44.6510294,11.8919009
Biopower sardegna,Italy,40.23429429999999,9.0425556
Biovento,Italy,41.1297613,14.7826208
Bisaccia,Italy,41.0153354,15.3758878
Bisaccia mw,Italy,41.0153354,15.3758878
Bitola,"Macedonia, Republic of",41.0296773,21.3292164
Bjolvo,Norway,60.4245323,6.359846699999999
Blachownia,Poland,50.78505,18.96224
Blafal.,Norway,59.91207929999999,10.6336002
Blayais,France,45.126841,-0.662941
Blenio ofible,Switzerland,46.5352422,8.943885
Blenod,France,48.8811589,6.053062
Blla,United Kingdom,55.15717,-6.630879999999999
Bnakw,United Kingdom,51.5132312,-0.08588699999999999
Boazzo,Italy,46.0018781,10.517251
Boffalora,Italy,45.46282710000001,8.8293459
Boffetto,Italy,46.1615346,9.9527383
Bohunice,Slovakia,49.0173878,18.2000097
Bolarque,Spain,40.362778,-2.828056
Bolognano,Italy,42.2175727,13.955007
Bonorva,Italy,40.4168517,8.7688864
Bordogna,Italy,45.95206169999999,9.7203608
Borgo sabotino,Italy,41.4181392,12.8486076
Borgo trento,Italy,45.4477733,10.9883162
Borgund,Norway,61.052849,7.770489899999999
Borkum riffgrund,Germany,53.593131,6.704731199999999
Borssele,Netherlands,51.4256645,3.733669699999999
Bort,France,45.400996,2.495397
Borzesti,Romania,46.2375538,26.8264364
Bouchain,France,50.281524,3.319975
Bourg les valence,France,44.94703699999999,4.894633
Bovino,Italy,41.2682521,15.3716684
Boxberg,Germany,49.48181779999999,9.6375251
Boynw,United Kingdom,50.7718133,0.2961246
Bradisoru,Romania,45.0807648,21.7183396
Braila,Romania,45.2652463,27.9594714
Bratsberg,Norway,63.3493642,10.4819594
Braulio,Italy,46.467077,10.3764366
Brazi,Romania,44.883333,26.0
Brennilis,France,48.357285,-3.85065
Bressanone,Italy,46.7177048,11.6572436
Brgg,United Kingdom,53.55184999999999,-0.491887
Brindisi nord,Italy,40.6327278,17.9417616
Brindisi sud ce,Italy,40.6445355,17.9470245
Brokdorf,Germany,53.8632511,9.324380999999999
Brokke,Norway,59.0943086,7.4490846
Brommat,France,44.83062899999999,2.6841
Brossasco,Italy,44.5699208,7.362781699999998
Brunico,Italy,46.79657359999999,11.9380416
Brunsbüttel,Germany,53.8988902,9.1338853
Bucuresti sud,Romania,44.4267674,26.1025384
Bucuresti vest,Romania,44.4506828,25.9631367
Buddusò alà dei sardi,Italy,40.6508026,9.3270815
Bugey,France,45.95843600000001,5.359556
Buglia,Italy,40.7928393,17.1011931
Burgentia energia,Italy,40.4764155,15.627619
Burghausen,Germany,48.1725613,12.8310753
Buseto,Italy,38.0021464,12.7169408
Bussento,Italy,40.1005972,15.4983314
Bussi,Italy,42.2135849,13.8253915
Bussolengo,Italy,45.4732537,10.8507277
Bydgoszcz,Poland,53.12348040000001,18.0084378
C.le eolica pietramontecorvino,Italy,41.5432306,15.1316634
C.le ferrara cassana,Italy,44.8527876,11.5531696
C.le hera casalegno,Italy,44.3699439,11.7034757
C.le hera forlì bagnolo,Italy,44.2331829,12.0885576
C.le hera modena cavazza,Italy,44.67619029999999,10.9441885
Ca del bue,Italy,45.3997278,11.0572092
Cabot ravenna cte,Italy,44.4183598,12.2035294
Cabril,Portugal,41.7137775,-8.035618399999999
Caccamo,Italy,37.9313776,13.6652138
Caclu,United Kingdom,51.5143441,-0.1447515
Cacon,United Kingdom,50.7747682,-3.5089118
Cadarese,Italy,46.2971604,8.360331799999999
Caderousse,France,44.102091,4.756495999999999
Caffaro,Italy,45.8185917,10.4950654
Cairb,United Kingdom,55.9475844,-3.207259
Cairo,Italy,44.4069442,8.3197946
Cairo montenotte,Italy,44.4069442,8.3197946
Calcinere,Italy,44.6882238,7.233116099999999
Calice,Italy,44.2045552,8.294812799999999
Callari,Italy,39.2238411,9.1216613
Calore,Italy,41.0528131,14.9571385
Camas maida,Italy,38.887938,16.3817021
Campagna,Italy,40.6670887,15.1068113
Campliccioli,Italy,46.0455049,8.074577399999999
Campo,Italy,43.3182052,11.3319129
Campomaggiore,Italy,40.5628427,16.0816536
Camporeale,Italy,37.8935967,13.0875535
Canavese,Italy,45.391156,7.781129999999999
Cancellara,Italy,40.7206344,15.9112424
Candela,Italy,41.1348576,15.5148587
Caneva,Italy,45.9681261,12.4480132
Canterno,Italy,41.9378731,13.041455
Caoria,Italy,46.1921708,11.6843358
Capodiponte,Italy,46.029861,10.3466388
Capriati,Italy,41.4683793,14.1478287
Carboli,Italy,44.1402874,10.0265267
Cardano,Italy,45.6455568,8.7716745
Carlentini,Italy,37.2698234,15.014569
Carona,Italy,46.02538879999999,9.8325488
Caroso borzonasca,Italy,44.4369114,9.3978891
Carpinone,Italy,41.5922026,14.3239586
Carr,United Kingdom,51.5221294,-0.1383328
Carrapatelo,Portugal,41.1124737,-8.0035946
Carzano,Italy,46.0729249,11.4921891
Casella c.le,Italy,45.0906452,9.4801565
Cass,United Kingdom,51.5218911,-0.0899261
Cassano,Italy,39.784712,16.3210165
Cassino,Italy,41.4866953,13.8332193
Cassino meta,Italy,40.6428867,14.4173398
Castejo,Spain,42.1708012,-1.6894332
Castel giubileo,Italy,41.9873147,12.5054259
Castel lucio,Italy,37.887652,14.3132362
Castel madama,Italy,41.9755154,12.8696673
Castelbello,Italy,46.6283245,10.9057667
Casteldelf,Italy,43.54823409999999,10.8595743
Castellaneta,Italy,40.62804180000001,16.9397385
Castellaneta wind farm,Italy,40.62804180000001,16.9397385
Castelletto,Italy,44.4199049,8.9369537
Castello,Spain,39.9863563,-0.0513246
Castelmassa,Italy,45.02219900000001,11.3114098
Castelnou,Spain,41.2278672,-0.3645379
Castelnuovo conza,Italy,40.8190909,15.3197044
Castelnuovo della daunia,Italy,41.5840451,15.1204157
Castelo bode,Portugal,39.542778,-8.319722
Castrocucco,Italy,39.93698029999999,15.7633592
Casuzze,Italy,36.7900105,14.5253628
Cattenom,France,49.406263,6.243668
Cccc petrom brazi,Romania,44.883333,26.0
Ccgt aprilia,Italy,41.5944018,12.6560314
Cedegolo,Italy,46.0770081,10.3488161
Celano,Italy,42.08225119999999,13.5429874
Cencenighe,Italy,46.3419309,11.9713853
Centro olio val d'agri,Italy,40.3140247,15.8980751
Ceprano,Italy,41.5443553,13.512173
Cer castelfranco,Italy,45.6716942,11.9282388
Cet servola,Italy,45.623894,13.7859095
Charlottenburg,Germany,52.5166023,13.3041054
Chastang,France,45.172484,1.734632
Chatillon,Italy,45.7485816,7.6128015
Chavonne,Italy,45.7019007,7.219332
Cheylas,France,45.370801,5.992381
Chiavenna,Italy,46.3271725,9.401207099999999
Chievo,Italy,45.4626127,10.9149339
Chievolis,Italy,46.2545519,12.7353981
Chinon,France,47.167296,0.240385
Chiomonte,Italy,45.1177836,6.9834046
Chirico,Italy,41.9055999,12.4826236
Chiusdino,Italy,43.1893594,11.1390878
Chivasso,Italy,45.19003840000001,7.888952
Chooz,France,50.102368,4.807117
Chorzów,Poland,50.2974884,18.9545728
Chp deven,Bulgaria,41.7429109,24.3915387
Chp evn plovdiv,Bulgaria,42.1354079,24.7452904
Chp lukoil nefto,Bulgaria,42.541811,27.3414785
Chp republika pk,Bulgaria,42.606775,23.078381
Chp ruse,Bulgaria,43.83557130000001,25.9656554
Chp sviloza,Bulgaria,43.6402526,25.3024635
Chpp augusta,Italy,37.2500684,15.2216971
Cimego,Italy,45.9117544,10.6134314
Civaux,France,46.444209,0.664866
Cividate,Italy,45.9444587,10.2791907
Clac,United Kingdom,52.1461055,0.1483342
Claus,Netherlands,51.9170562,4.4733753
Cnqps,United Kingdom,51.545925,-0.141645
Coche,France,46.9746955,4.780959800000001
Cocullo,Italy,42.0319914,13.7750784
Cofrentes,Spain,39.229485,-1.0616065
Cogenerazione,Italy,45.4105218,9.944326499999999
Cogenerazione aeroporto fiumicino,Italy,41.7998868,12.2462384
Cogenerazione bardonecchia,Italy,45.07428609999999,6.6960506
Cogenerazione elyo presso michelin cuneo,Italy,44.3844766,7.5426711
Cogenerazione roquette italia,Italy,44.7584701,8.8546973
Coghinas,Italy,40.9167672,8.8682306
Cogolo,Italy,46.3477949,10.6965438
Colari,Italy,40.5532009,14.222154
Colon,Spain,40.4251223,-3.6902409
Colori del vento,Italy,38.014469,12.505966
Combe d'avrieux,France,45.2149829,6.720537999999999
Combigolfe,France,43.4089592,4.8678877
Comunacqua,Italy,41.8645308,13.1984085
Comunanza,Italy,42.9546532,13.4120389
Contrada corvo cozzo miturro,Italy,45.1924024,8.6118743
Contrasto c.le,Italy,37.64962999999999,14.8050915
Coo,Belgium,50.39343,5.86944
Corb,United Kingdom,52.49229829999999,-0.6842332999999999
Cordemais,France,47.291429,-1.876729
Cordenons,Italy,45.9858407,12.7035513
Corenno,Italy,46.0900097,9.310951099999999
Corfino,Italy,44.1808162,10.37829
Cornia,Italy,44.29863719999999,10.6990438
Coscile,Italy,39.6848573,16.3128536
Costa grande,Italy,41.5855985,13.3762382
Cotilia,Italy,42.3822584,13.0137323
Cotps,United Kingdom,51.886029,-0.180051
Couesque,France,44.6962844,2.5851783
Covalou,Italy,45.77561,7.593290000000001
Cowe,United Kingdom,50.76278500000001,-1.300533
Cozzo vallefondi,Italy,45.1924024,8.6118743
Craiova,Romania,44.3301785,23.7948807
Crego,Italy,46.2562721,8.3404354
Crestuma,Portugal,41.06354169999999,-8.5000342
Creva,Italy,45.9950115,8.7567682
Crevola d.,Italy,46.1485563,8.2866334
Crevola t.,Italy,45.80513699999999,8.256579
Crghw,United Kingdom,51.5244004,-0.0743066
Croix metz,France,49.11866,6.1888023
Crot,Italy,45.230796,7.202860799999999
Crotone,Italy,39.0807932,17.1271102
Cruas,France,44.656914,4.765255
Cryrw,United Kingdom,51.5244004,-0.0743066
Ctcompos,Spain,39.432579,3.0189403
Cte del mincio,Italy,45.2820667,10.7205021
Curbans,France,44.427565,6.035874
Curon,Italy,46.80811079999999,10.5407426
Cushaling production,Ireland,53.2883909,-7.028078900000001
Cycofos,France,43.4280373,4.8865986
Czechnica,Poland,51.03778810000001,17.1485344
Dale,Norway,60.59364100000001,5.801007
Dalsw,United Kingdom,51.6046974,-3.419748
Damc,United Kingdom,51.4628695,-2.5896202
Dampierre,France,46.06671,-0.414179
Darfo,Italy,45.89724030000001,10.195664
Debreceni kombináltciklusú erőmű,Hungary,47.5185819,21.6313403
Deep,United Kingdom,53.73900399999999,-0.330196
Deliceto,Italy,41.2230168,15.3861953
Deliceto torretta,Italy,41.2230168,15.3861953
Dell'alvano aquilea,Italy,45.76816909999999,13.3687199
Den haag,Netherlands,52.0704978,4.3006999
Derw,United Kingdom,52.70792849999999,-3.6921769
Deucw,United Kingdom,51.260438,-0.5663950999999999
Didcgt,United Kingdom,51.60804400000001,-1.24484
Diemen,Netherlands,52.3389926,4.9591888
Dimitrios,Greece,37.9356939,23.7294558
Dino,United Kingdom,50.71491400000001,-2.4341167
Dirinon,France,48.39819360000001,-4.269775399999999
Dister cogenerazione,Italy,44.3314616,11.9087613
Dngb,United Kingdom,51.5120361,-0.0899639
Doel,Belgium,51.31059759999999,4.264974899999999
Dokka kr,Norway,60.8400064,10.061805
Dolna odra,Poland,53.213655,14.4818385
Donaustadt,Austria,48.235551,16.4623916
Donzere mondragon,France,44.3039111,4.7414973
Dormagen,Germany,51.09368509999999,6.828911199999999
Dossi,Italy,44.7678722,11.3351079
Dotto ciorlano,Italy,41.4499878,14.1596149
Draxx,United Kingdom,53.7404357,-0.9959131
Driva,Norway,62.60567209999999,8.9223523
Drobeta,Romania,44.6369227,22.6597342
Drogenbos tgv,Belgium,50.7875382,4.3164506
Dronero c.,Italy,44.4658423,7.3656691
Dublin bay prod,Ireland,53.3477659,-6.111511
Dublin waste to energy,Ireland,53.3404522,-6.2007454
Duino,Italy,45.7753929,13.6026211
Dunamenti erőmű,Hungary,47.3282003,18.9204298
Dychów,Poland,51.9863325,15.0608199
E.on c.te livorno ferraris,Italy,45.2817294,8.084918199999999
Eall s. vittore del lazio,Italy,41.4601815,13.9319409
Ebro alto,Spain,42.4152978,-2.027319
Ec białystok,Poland,53.15101190000001,23.1680317
Ec nowa sarzyna,Poland,50.3159351,22.324503
Ec rzeszów,Poland,50.0411867,21.9991196
Ec siekierki,Poland,52.1928034,21.0873194
Ec wrotków,Poland,51.2165356,22.5591116
Ec włocławek,Poland,52.6483303,19.0677357
Ec łódź,Poland,51.7405067,19.4404136
Edenderry prod,Ireland,53.34962909999999,-7.0507765
Edinw,United Kingdom,55.953252,-3.188267
Edolo,Italy,46.1804266,10.3298933
Eem ec,Netherlands,52.20299190000001,5.316450199999999
Eemshaven,Netherlands,53.4385887,6.8354937
Eesqui,Spain,40.4087004,-3.6956139
Eesti elektrijaam,Estonia,59.2699493,27.8947035
Efeged,Spain,37.9787433,-0.6748751
Eider,Spain,43.2938537,-2.3549323
Ekw engadiner,Switzerland,46.6230545,10.1929951
Elce,Italy,42.6434974,13.5315812
Elettrica biomassa serramanna,Italy,39.42251359999999,8.921749
Elettrica manfredonia paglia,Italy,41.6307347,15.9165105
Elpedison thess,Greece,40.6400629,22.9444191
Elpedison thisvi,Greece,38.237202,22.949967
Elverlingsen,Germany,51.2753369,7.706670699999999
Eme,Czechia,48.9758273,14.4766592
Emmezeta solar park rovigo,Italy,45.0698118,11.7902158
Emosson esa,Switzerland,46.0831928,6.914189299999999
Emsland,Germany,52.7253212,7.463152499999999
Enecogen,Netherlands,51.9578535,4.0924342
Energetika ljubljana,Slovenia,46.0581183,14.5437273
Energia alternativa,Italy,45.563786,10.771477
Energia molise,Italy,41.5880195,14.6728535
Eni s.p.a. raffineria sannazzaro,Italy,45.1021559,8.897477700000001
Eni s.p.a. raffineria venezia,Italy,45.4620221,12.2653098
Enipower brindisi,Italy,40.6327278,17.9417616
Enipower ferrera erbognone,Italy,45.0994709,8.8648838
Enipower livorno,Italy,43.548473,10.3105674
Enipower mantova,Italy,45.1502642,10.8349157
Enipower ravenna,Italy,44.4420033,12.2379466
Enipower taranto,Italy,40.46436060000001,17.2470303
Enna,Italy,37.5099321,14.262851
Ensdorf,Germany,49.3062355,6.7804113
Enstedvaerket,Denmark,55.01666669999999,9.4333333
Entracque chro,Italy,44.2439659,7.3964073
Entracque rovina,Italy,44.1758507,7.342878799999999
Eolica vicari uno,Italy,37.8261716,13.5705866
Eolicolucera borgosangiusto,Italy,41.4298888,15.4031472
Eolo tempio pausania,Italy,40.9031356,9.104066999999999
Eonsum szabályozási központ,Hungary,46.0526189,17.802898
Eos faeto,Italy,41.3233966,15.1626884
Eregpe,Spain,40.46366700000001,-3.74922
Erioja,Spain,42.2870733,-2.539603
Esbjergvaerket,Denmark,55.456335,8.4552509
Eta spa,Italy,45.79200530000001,9.1779906
Evanger,Norway,60.6471996,6.1121788
Faarw,United Kingdom,51.5095576,-0.1512255
Fadalto,Italy,46.0714347,12.3411223
Faenza convertite,Italy,44.3104477,11.8619391
Faeto difesa,Italy,41.3233966,15.1626884
Famagosta,Italy,45.4371905,9.1679589
Farfa,Italy,42.2215354,12.7183043
Farinello,Italy,44.20129000000001,8.01543
Farma wiatrowa banie,Poland,53.1003969,14.6627038
Farma wiatrowa margonin,Poland,52.9731367,17.0947488
Farneta,Italy,44.3506669,10.5692585
Fattoria eolica santa luce,Italy,43.4726689,10.5649492
Fdunt,United Kingdom,53.248236,-3.13577
Fedio,Italy,44.3248584,7.275064400000001
Fell,United Kingdom,54.93419410000001,-1.5973323
Fenestrelle,Italy,45.0365711,7.048518899999999
Ferr,United Kingdom,53.7408517,-0.2812655
Ferranti,Italy,43.1461733,13.2077711
Ferrara aranova,Italy,44.820821,11.580362
Ferrara focomorto,Italy,44.8334537,11.6788584
Fessenheim,France,47.91470899999999,7.537625999999999
Fhkw linz mitte,Austria,48.2992333,14.3229459
Fhkw linz süd,Austria,48.267835,14.3468105
Fhkw mellach,Austria,46.9110662,15.487679
Filippo del mela,Italy,38.1691648,15.2742899
Finale emilia biomassa,Italy,44.8324577,11.2911601
Finl,United Kingdom,54.97313399999999,-1.6139391
Finndola,Norway,60.87735859999999,8.5267276
Fiume santo,Italy,40.7947521,8.2785701
Fiumesanto,Italy,40.7947521,8.2785701
Flamanville,France,49.53207,-1.865804
Florinas,Italy,40.6489714,8.660949800000001
Floro caraffa,Italy,38.8586834,16.5487857
Flumendosa,Italy,39.4779846,9.523690199999999
Foiano,Italy,43.2647764,11.8093583
Foiano ampliamento,Italy,43.2647764,11.8093583
Foiano val fortore,Italy,41.3444525,14.9505671
Fondovalle,Italy,44.48488,10.8629
Fontana bianca,Italy,46.4853062,10.8315293
Forenza,Italy,40.8548526,15.8611417
Forno zoldo,Italy,46.34589829999999,12.1771585
Forsmark block,Sweden,60.371024,18.1546133
Forsmo,Sweden,63.26451590000001,17.1823976
Forssa,Finland,60.81463189999999,23.6339467
Fortun,Norway,61.495015,7.688706700000001
Fossa del lupo,Italy,43.2466124,11.9736832
Foye,United Kingdom,50.33499,-4.636525
Frades,Portugal,40.7322554,-8.1737805
Francofonte,Italy,37.2260514,14.8786187
Franken,Germany,50.3058333,11.5766667
Franzi,Italy,44.1346114,9.6821813
Fratel,Portugal,39.6274453,-7.7466778
Freudenau,Austria,48.1862624,16.4415388
Frimmersdorf,Germany,51.0456197,6.5771538
Fucine,Italy,46.3103546,10.7300948
Furlo,Italy,43.6380622,12.7131791
Fusina t.,Italy,45.4193759,12.256168
Fw darłowo,Poland,54.4210664,16.410611
Fw korytnica,Poland,52.414398,21.8495997
Fw marszewo,Poland,54.511786,16.701735
Fynsvaerket,Denmark,55.427832,10.405168
Gabčíkovo,Slovakia,47.8924248,17.576669
Galati,Romania,45.4353208,28.0079945
Gallejaur,Sweden,65.1552426,19.4384573
Galleto,Italy,45.8257158,8.9877042
Gallicano,Italy,44.0449275,10.4284178
Gardona,Italy,45.6181853,10.5595645
Gargano,Italy,41.7333333,15.7666667
Gargnano,Italy,45.6885992,10.6617328
Gasturbiner halmstad,Sweden,56.6743748,12.8577885
Gasturbiner malmö,Sweden,55.604981,13.003822
Gaur,United Kingdom,56.67695399999999,-4.4385859
Gavino pabillonis,Italy,39.5957653,8.7186359
Gdańsk,Poland,54.35202520000001,18.6466384
Gde dixence gd,Switzerland,46.0806364,7.4028605
Gdk mellach,Austria,46.9420949,15.5150219
Gdstw,United Kingdom,50.54206199999999,-4.939017
Gdynia,Poland,54.5188898,18.5305409
Gelderland kv,Netherlands,52.045155,5.8718235
Genissiat,France,46.0544281,5.7652303
Gennevilliers,France,48.925525,2.293275
Genova t.,Italy,44.4056499,8.946256
Gerlos,Austria,47.2248574,12.0306257
Gerola,Italy,46.0595826,9.5507545
Gerosa,Italy,45.8505191,9.575858199999999
Gersteinwerk,Germany,51.6719671,7.7113915
Gerstheim,France,48.38069000000001,7.695487
Gfldw,United Kingdom,58.9,-3.05
Giacomo,Italy,42.8000634,13.5719932
Giarratana,Italy,37.0485436,14.7933956
Ginestra,Italy,40.9304388,15.729718
Ginestra degli schiavoni,Italy,41.277273,15.0498966
Giorgio molara,Italy,41.27096359999999,14.9201891
Giovanni in galdo,Italy,41.5915582,14.7522893
Girifalco,Italy,38.8240653,16.4209345
Girifalco peg,Italy,38.8240653,16.4209345
Gissi,Italy,42.019191,14.544392
Giugliano fv,Italy,40.9285635,14.2032077
Giunchetto,Italy,43.7982305,7.696805399999999
Gkb mittelsbueren,Germany,53.12870729999999,8.6554012
Gkm amprion,Germany,49.4445252,8.4995233
Gkm dbenergie,Germany,49.4445252,8.4995233
Gkw hannover gkh,Germany,52.3758916,9.732010400000002
Glndo,United Kingdom,51.5073509,-0.1277583
Gode wind,Germany,54.4257888,10.1707288
Goglio,Italy,45.4557126,9.1640305
Goglio devero,Italy,46.2947451,8.2636604
Golfech,France,44.114113,0.851985
Gonnosfanadiga,Italy,39.4960333,8.6629699
Gordona,Italy,46.2913781,9.3659339
Gorzów,Poland,52.7325285,15.2369305
Govora,Romania,45.079365,24.1845467
Grai,United Kingdom,51.46026269999999,0.7194676
Grain,United Kingdom,51.46026269999999,0.7194676
Grand maison,France,45.205556,6.125
Gravedona,Italy,46.1485418,9.3085677
Gravelines,France,50.98707,2.125537
Gravina ne,Italy,40.8171447,16.418512
Great island prod,Ireland,52.29217,-7.003369999999999
Greci,Italy,41.2530228,15.1693633
Greci montaguto,Italy,41.2530228,15.1693633
Greenergy szabályozási központ,Hungary,46.0526189,17.802898
Gregorio magno,Italy,40.6594786,15.4031252
Greifenstein,Austria,48.34281,16.2313
Gressoney,Italy,45.7803313,7.8250484
Grighine,Italy,39.9422638,8.8326734
Grigno,Italy,46.01698870000001,11.6312371
Grohnde,Germany,52.0192026,9.419517599999999
Grosio,Italy,46.2981557,10.2746514
Grosotto,Italy,46.2799378,10.2585294
Grottafumata,Italy,37.697261,14.7178958
Grottole mw,Italy,40.6451257,16.3699271
Grub,United Kingdom,53.4753516,-2.2277498
Grytten kraftver,Norway,62.4695759,7.765510799999999
Gtg gtg,Italy,45.579923,9.04203
Gthkw nossener bruecke,Germany,51.0417609,13.7101154
Guadalami c.le,Italy,37.9555426,13.2792628
Guadalquiv,Spain,37.8459373,-4.8058611
Guarcino,Italy,41.80075,13.3109619
Guardia,Italy,41.25637649999999,14.5993847
Guardo,Spain,42.7890255,-4.8474389
Guarnieri,Italy,45.452222,12.3481486
Guillena,Spain,37.5429955,-6.056855199999999
Gundremmingen,Germany,48.5009611,10.4041776
Guspini,Italy,39.5393102,8.627334399999999
Gönyűi erőmű,Hungary,47.7334344,17.8243403
Gösgen,Switzerland,47.3813024,7.9278944
Haapaniemi,Finland,62.22382099999999,25.8517644
Haapavesi,Finland,64.13735729999999,25.3669422
Hafen,Germany,51.2187904,6.7388032
Hagen kabel,Germany,51.4065932,7.491189899999998
Hamborn,Germany,51.4984137,6.7768115
Hamburger hungária,Hungary,46.9251075,18.935525
Hamm uentrop,Germany,51.68807959999999,7.9464763
Hanasaari,Finland,60.16509490000001,24.8480989
Harpefossen,Norway,61.9562528,5.9404156
Harrsele,Sweden,63.99945449999999,19.5701993
Harsprånget,Sweden,66.8850227,19.8193977
Hastedt,Germany,53.0675418,8.8622721
Havre,France,49.49437,0.107929
He bajina basta,Serbia,43.9705397,19.5649108
He bistrica,Serbia,44.3283566,21.5111186
He capljina,Bosnia and Herzegovina,43.11182669999999,17.7054838
He djerdap,Serbia,44.6684555,22.5263138
He formin,Slovenia,46.4027575,16.0337059
He piva,,43.3375733,18.8476635
He visegrad,Bosnia and Herzegovina,43.78344990000001,19.2934517
He zlatoličje,Slovenia,46.4541867,15.7939268
Heilbronn,Germany,49.1426929,9.210879
Hemsil,Norway,60.74765019999999,8.8577578
Hemweg,Netherlands,52.4045585,4.8518265
Herdecke,Germany,51.4031667,7.4328376
Herdersbrug steg,Belgium,51.2617337,3.2095766
Hermillon,France,45.298113,6.362291
Herne,Germany,51.5368948,7.200914699999999
Herrenhausen kwh,Germany,52.4154089,9.6521261
Heyden,Germany,51.1576721,6.4490153
Hjartdola,Norway,59.6955655,8.6409141
Hojum,Sweden,58.27420000000001,12.2722
Hol,Norway,60.57177249999999,8.0578027
Holen,Norway,59.5437617,10.7453115
Hone,Italy,45.61212250000001,7.736857100000001
Hongrin léman fmhl,Switzerland,46.4782149,7.029385
Horns rev,Denmark,55.5333333,7.9833333
Htarifa,Spain,36.0143209,-5.6044497
Huckingen hkm,Germany,51.3661038,6.7018211
Hunb,United Kingdom,55.94886899999999,-3.1947936
Huntorf,Germany,53.1944344,8.387337
Huntstown production,Ireland,53.40289569999999,-6.4246862
Huutokoski kt,Finland,62.2123277,27.6892106
Hydro electrique clavalite,Italy,45.6810209,7.494498600000001
Hylen,Norway,58.53761029999999,7.414505799999999
Häusling,Austria,48.25683,15.44507
Höljes,Sweden,60.9017721,12.5940162
Hölleforsen,Sweden,62.9503484,16.6655274
Iardino,Italy,41.0295693,14.6910339
Ibbenbüren,Germany,52.2767721,7.718994599999999
Idro canistro,Italy,41.9407026,13.4020814
Idroelettrica canate,Italy,45.0911673,9.905354299999999
Idroelettrica megolo ceppomorelli,Italy,45.9922601,8.306751799999999
Iernut,Romania,46.4507604,24.2290151
Ige sandonaci,Italy,40.4565537,17.8998566
Iges,Italy,42.1383825,12.59359
Ilva taranto cet,Italy,40.46436060000001,17.2470303
Imatra,Finland,61.1695977,28.7645463
Impianto ascoli satriano,Italy,41.2033413,15.5627449
Impianto bolgiano,Italy,43.760629,10.6627737
Impianto casoni,Italy,45.59864839999999,8.8488063
Impianto cerreto,Italy,41.2848325,14.5605999
Impianto cutro località rosito,Italy,39.0322687,16.9883206
Impianto fotovoltaico floro girifalco,Italy,38.8240653,16.4209345
Impianto fv sant'alberto forello,Italy,44.5173435,12.1565419
Impianto generazione elettrica da lignina,Italy,43.760629,10.6627737
Impianto idroelettrico del passirio,Italy,46.7388254,11.2015671
Impianto marineo,Italy,43.760629,10.6627737
Impianto pietramontecorvino,Italy,41.5432306,15.1316634
Impianto portoscuso,Italy,39.2066208,8.3791741
Impianto preselezione termovalorizzazione silla,Italy,45.50480870000001,9.070703199999999
Impianto sambuco,Italy,43.5774976,11.2061167
Impianto scampitella,Italy,41.0911341,15.2998521
Industriekraftwerk pck,Germany,53.0932725,14.2312787
Ingolstadt,Germany,48.7665351,11.4257541
Inkoo,Finland,60.04587539999999,24.0045755
International paper kwidzyn,Poland,53.70719399999999,18.9259764
Irsching,Germany,48.7661309,11.5809695
Iru elektrijaam,Estonia,59.4515944,24.924937
Isab energy,Italy,37.1265951,15.2175021
Isalnita,Romania,44.3928398,23.7420435
Isca ricotta melfi,Italy,40.5361403,15.5862767
Ise piombino cet,Italy,42.9256335,10.5258891
Isohaara,Finland,65.79180079999999,24.5370885
Isola,Italy,45.8954378,8.5268401
Isola palanzano,Italy,44.432466,10.1710261
Isola serafini,Italy,45.0929,9.9048
Isollaz,Italy,45.68871619999999,7.711202399999999
Ita v.serio,Italy,45.6096739,9.7446205
Ivailovgrad,Bulgaria,41.52669789999999,26.1242717
Ivpc alberona,Italy,41.432188,15.1242439
Ivpc anzano,Italy,41.1188151,15.2915009
Ivpc bisaccia,Italy,40.91656,14.7975097
Ivpc foiano,Italy,43.2647764,11.8093583
Ivpc lacedonia,Italy,40.91656,14.7975097
Ivpc montefalcone,Italy,41.3091887,14.8657111
Ivpc roseto,Italy,40.91656,14.7975097
Jasmine,Italy,41.895315,12.4489859
Jaworzno,Poland,50.204987,19.2739314
Jesi,Italy,43.5270861,13.2463797
Jostedal,Norway,61.710556,6.924167
Jucar,Spain,39.137604,-0.4487043999999999
Jädraås vindkraftpark,Sweden,60.8438554,16.4661037
Jänschwalde,Germany,51.859392,14.4943322
Järpströmmen,Sweden,63.3718361,13.428207
Kaprun hauptstufe,Austria,47.2728876,12.759674
Kaprun oberstufe,Austria,47.2728876,12.759674
Kaprun schwarzach,Austria,47.2728876,12.759674
Kardia,Greece,40.4685079,22.9945421
Kardzhali,Bulgaria,41.6338439,25.3777119
Karlshamn,Sweden,56.170303,14.863073
Karolin,Poland,54.0488383,23.2837806
Kastraki,Greece,39.7164807,21.6183119
Katowice,Poland,50.26489189999999,19.0237815
Kaukaan voima,Finland,61.0655602,28.2307142
Kaukopää,Finland,61.2393106,28.8640268
Kead,United Kingdom,53.8412026,-1.2950461
Keadgt,United Kingdom,54.2485059,-6.705043099999999
Kegums,Latvia,56.7402899,24.7181651
Kelenföldi erőmű,Hungary,47.464528,19.0528189
Keljonlahti,Finland,62.19598999999999,25.7367533
Kellosaari,Finland,63.0367298,25.4196635
Kembs,France,47.688362,7.503799000000001
Khr hinterrhein,Switzerland,46.6970625,9.4377838
Kiel,Germany,54.3232927,10.1227651
Kiisa arej,Estonia,59.2442187,24.7038979
Kilforsen,Sweden,63.5441488,16.7696281
Kilns,United Kingdom,51.5761163,0.2997618
Kimberly clark srl,Italy,45.6151356,8.4021396
Kkb kernkw beznau,Switzerland,47.552,8.23
Kkl kernkw leibstadt,Switzerland,47.600817,8.1838828
Kkw mühleberg kkm,Switzerland,46.96929979999999,7.2697497
Kkw philippsburg,Germany,49.25162479999999,8.439872
Klingenberg,Germany,49.7805714,9.183095699999999
Kll linth limmern,Switzerland,46.8795531,8.9831919
Knapsack,Germany,50.8621159,6.843788300000001
Kobbelv,Norway,67.57994,15.8907199
Koepchenwerk,Germany,51.410796,7.4535523
Komotini,Greece,41.1224394,25.4065582
Konin,Poland,52.2230334,18.251073
Korinthos,Greece,37.9386365,22.9322383
Kozienice,Poland,51.5855328,21.5511768
Kraftwerk außerfragant,Austria,46.9375729,13.1365309
Kraftwerk buschhaus,Germany,52.17086159999999,10.9764261
Kraftwerk dürnrohr,Austria,48.3263887,15.9244932
Kraftwerk ensdorf,Germany,49.2950893,6.7741905
Kraftwerk farge,Germany,53.1990321,8.5178838
Kraftwerk feldsee,Austria,46.7695282,13.7523551
Kraftwerk flingern,Germany,51.2184154,6.813221299999999
Kraftwerk korneuburg,Austria,48.3320296,16.3395997
Kraftwerk lausward,Germany,51.2216873,6.7316442
Kraftwerk oschenik,Austria,46.9852778,13.09
Kraftwerk riedersbach,Austria,48.02354,12.84731
Kraftwerk rostock,Germany,54.1408773,12.1304345
Kraftwerk römerbrücke,Germany,49.2239801,7.0151903
Kraftwerk theiß,Austria,48.3948682,15.7101367
Kraftwerk timelkam gesamtanlage,Austria,48.0019658,13.6060786
Kraftwerk voerde,Germany,51.6005212,6.6544111
Kraftwerk walheim,Germany,49.0176801,9.157119
Kraftwerk wilhelmshaven,Germany,53.5584269,8.135496999999999
Kraftwerk zolling,Germany,48.45595,11.8030201
Kraków łęg,Poland,50.05326480000001,20.0066716
Kremasta,Greece,38.9413932,21.4931713
Krokströmmen,Sweden,62.046667,14.8778633
Kruoniohae,Lithuania,54.7974443,24.2503549
Krångede,Sweden,63.14486919999999,16.1182394
Ksl sarganserland,Switzerland,46.9484271,9.4820049
Kuusaanniemi,Finland,60.9176468,26.6472516
Kvilldal,Norway,59.5150956,6.6375272
Kvr vorderrhein,Switzerland,46.7465809,9.0312632
Kwm mattmark,Switzerland,46.0359813,7.9605751
Kwz zervreila,Switzerland,46.56950759999999,9.1018592
Kymijärvi,Finland,60.9657477,25.8071735
Kyndbyvaerket,Denmark,55.810289,11.879901
Lacedonia,Italy,41.0499933,15.4210652
Lacedonia cerrello,Italy,41.0499933,15.4210652
Lada,Spain,43.2995441,-5.710501
Ladonas,Greece,37.6761411,21.9046607
Laga,United Kingdom,56.680208,-5.869180999999999
Lage weide,Netherlands,52.1174445,5.058368199999999
Lago arancio,Italy,37.6365133,13.0630616
Lagoni rossi,Italy,43.1641111,10.7769918
Laig,United Kingdom,56.9110931,-6.162624099999999
Lamarmora,Italy,39.9833333,9.3333333
Lana,Italy,46.6115909,11.1629537
Lanesboro production,Ireland,53.677763,-8.011743
Lang sima,Norway,60.4995946,7.1637081
Langerlo,Belgium,50.94653,5.497949999999999
Lanuvio,Italy,41.675393,12.6980262
Lanzada,Italy,46.2695803,9.872098699999999
Lappago,Italy,46.9178778,11.8039459
Lares,Portugal,37.0444608,-7.9046462
Larino tg,Italy,41.8051553,14.9191123
Lasa,Italy,46.6198875,10.6947782
Lasele,Sweden,63.76666700000001,16.8166669
Laterza wind farm,Italy,40.6249441,16.798088
Laufenburg,Germany,47.5732675,8.082053
Lavrio,Greece,37.714177,24.0576632
Laxede,Sweden,66.218548,20.8570281
Lazzaro,Italy,37.97239680000001,15.6656899
Le piane,Italy,45.6790702,8.407976699999999
Le prata,Italy,43.0691193,12.8194916
Lecce,Italy,40.3515155,18.1750161
Leini,Italy,45.1797783,7.716918
Leirdola,Norway,61.47296060000001,7.2201295
Lemie,Italy,45.2284854,7.293337299999999
Leopoldau,Austria,48.2778336,16.4535489
Lereni,Italy,44.0756332,9.9169337
Letsi,Sweden,66.504218,20.3826631
Levane,Italy,43.4973822,11.6200436
Levante,Italy,44.2763654,9.4008281
Lichterfelde,Germany,52.4293696,13.3077016
Licodia eubea,Italy,37.155144,14.7002376
Lielahti,Finland,61.51746129999999,23.6656973
Lietuvos elektrine,Lithuania,54.7858116,24.6624699
Liffey production,Ireland,53.3540131,-6.3556119
Ligga,Sweden,66.7799974,19.9430221
Ligonchio ozola,Italy,44.3158115,10.3423927
Limberg,Austria,46.74689,15.21524
Linate,Italy,45.452176,9.276308
Lippendorf,Germany,51.189581,12.3625637
Liptovská mara,Slovakia,49.104389,19.5191838
Litoral,Spain,41.0649062,1.0790058
Littigheddu,Italy,40.8729328,8.7902896
Litéri gázturbinás erőmű,Hungary,47.107613,18.014077
Loan,United Kingdom,51.4525376,-0.1021757
Locg,United Kingdom,57.3228575,-4.4243818
Lomi,Norway,61.6750129,8.435901399999999
Loreo,Italy,45.0624917,12.1864137
Lotru,Romania,45.3368973,24.2728324
Lovero,Italy,46.2318338,10.2274376
Loviisa,Finland,60.45787420000001,26.2278098
Lucito,Italy,41.7319368,14.6879876
Ludrigno der. serio,Italy,45.9243854,9.9252659
Ludwigshafen mitte,Germany,49.481621,8.4401198
Ludwigshafen süd,Germany,49.4724651,8.4469932
Luenen,Germany,51.6104829,7.5285074
Lysebotn,Norway,59.05540659999999,6.648529799999999
Lünen,Germany,51.6104829,7.5285074
Lőrinci gázturbinás erőmű,Hungary,47.7390261,19.6756557
Maasstroom energie cv,Netherlands,51.92418809999999,4.474994199999999
Maasvlakte,Netherlands,51.96327890000001,4.031126
Macchia vf,Italy,45.50316230000001,9.1399998
Maddaloni t.gas,Italy,41.0367027,14.3812391
Maen,Italy,45.8690591,7.6172968
Maggia ofima,Switzerland,46.1675802,8.783211999999999
Magisano,Italy,39.0126318,16.6278254
Maida cortale,Italy,38.8385405,16.4119665
Mainz wiesbaden,Germany,49.9928617,8.2472526
Mala,Spain,29.097931,-13.4670731
Malalbergo,Italy,44.7179078,11.5297213
Malga ciapela,Italy,46.4270374,11.9115913
Malga mare,Italy,46.417979,10.6805509
Mallero,Italy,45.5587613,9.0170658
Malpensa,Italy,45.6300625,8.7255307
Malta hauptstufe,Austria,46.8701073,13.3290447
Malta oberstufe,Austria,47.0659039,13.3527648
Malženice,Slovakia,48.4505448,17.675462
Mandela,Italy,42.0301029,12.9231015
Marcellinara,Italy,38.9283997,16.4950131
Marcinelle energie carsid,Belgium,50.407533,4.424872
Marckolsheim,France,48.163894,7.543984999999998
Marco,Italy,40.2674034,14.9389754
Marco in lamis,Italy,41.7124428,15.6380651
Mareges,France,45.391667,2.364167
Mariselu,Romania,47.0295709,24.4940939
Mark,United Kingdom,55.9587181,-3.1652023
Marlengo,Italy,46.6572415,11.1264518
Marsica,Italy,41.995,13.547222
Martigues ponteau,France,43.368516,5.017733
Martinlaakso,Finland,60.2784559,24.8513718
Martino in pensilis,Italy,41.870085,15.0109437
Masino,Italy,46.2430485,9.655185
Masocorona,Italy,46.2339047,11.1277461
Matese,Italy,41.3623965,14.3966503
Matisse,Italy,41.901526,12.493924
Matre,Norway,60.87582,5.584232
Mauranger,Norway,60.12791360000001,6.362484599999999
Mauro,Italy,45.1020871,7.765355399999999
Mauvoisin,Switzerland,45.9792839,7.3536334
Mayrhofen,Austria,47.1691898,11.8651456
Mazara del vallo,Italy,37.6550933,12.5899615
Mazzunno,Italy,45.8942178,10.1487187
Mdhlw,United Kingdom,51.5719443,-0.7769421999999999
Meduno,Italy,46.2170505,12.788202
Megalopoli,Greece,37.401244,22.1364871
Mehrum kwm,Germany,52.3046339,10.0942011
Meirama,Spain,43.208479,-8.4376087
Melissa,Italy,39.3175364,17.0421324
Meliti,Greece,40.83,21.581667
Melk,Austria,48.22647,15.34996
Melkoya,Norway,70.6893659,23.600448
Mercure,Italy,41.8900637,12.4978852
Meri pori,Finland,61.55943680000001,21.6121559
Merkenich,Germany,51.0307211,6.9471552
Merwedekanaal,Netherlands,51.9604922,5.0580606
Mese,Italy,46.3071989,9.379607199999999
Mi,Bulgaria,42.669944,23.270947
Midskog,Sweden,63.23676560000001,15.2443093
Milazzo,Italy,38.2207102,15.2419327
Mimiani,Italy,37.571818,13.931872
Mineo,Italy,37.2658657,14.6906828
Mineo militello,Italy,37.2734821,14.7936823
Minervino murge,Italy,41.0856165,16.0773816
Minervino murge contrada iambrenghi,Italy,41.0856165,16.0773816
Minervino murge contrada passeggeri,Italy,41.0856165,16.0773816
Minervino murge contrada rinaldi,Italy,41.0856165,16.0773816
Mintia,Romania,45.9179026,22.8474798
Mirafiori nord,Italy,45.042482,7.626857999999999
Miranda,Portugal,41.4995412,-6.2712311
Mistretta,Italy,37.9151675,14.3559158
Mitte,Germany,52.5372897,13.3602743
Mittelsbueren,Germany,53.12870729999999,8.6554012
Moabit,Germany,52.53078290000001,13.3471759
Mochovce,Slovakia,48.26065,18.44215
Moerdijk,Netherlands,51.6601559,4.5130718
Moline,Italy,46.0841907,10.9241991
Monastero,Italy,40.620582,14.5773581
Moncalieri,Italy,44.9983525,7.680287799999999
Mondi świecie,Poland,53.3939496,18.3815604
Moneypoint production,Ireland,52.61136279999999,-9.4355342
Monfalcone,Italy,45.8050468,13.5331727
Montagna faeto,Italy,41.3666667,15.15
Montaguto,Italy,41.2496359,15.2481372
Montalto,Italy,43.4994498,11.6634274
Montarone,Italy,45.8833333,8.45
Monte carmine,Italy,40.761111,15.746389
Monte carpinaccio,Italy,44.1596718,11.3809776
Monte della difesa,Italy,39.284729,16.447091
Monte malvizzo,Italy,37.282931,13.709796
Monte zimmara,Italy,37.75,14.2666667
Montecalvello,Italy,42.5484176,12.2096566
Montefalcone,Italy,41.3240758,15.0088677
Monteferrante,Italy,41.9522905,14.3886119
Monteleone,Italy,41.1652682,15.25677
Montelimar,France,44.556944,4.749496
Montelungo,Italy,44.4480027,9.908643099999999
Montemartini,Italy,41.9037562,12.5003261
Montemurro,Italy,40.29716579999999,15.9916241
Montereau,France,48.38473399999999,2.956193
Monteverdi,Italy,43.1902864,10.7323332
Monteynard,France,44.9793282,5.701300799999999
Montezic,France,44.709426,2.640329
Monticelli,Italy,42.70004110000001,13.7319939
Montjovet,Italy,45.7064732,7.6748784
Montorio,Italy,42.5821386,13.6272978
Montorsi,Italy,44.645073,10.92915
Montpezat,France,43.854065,4.159873
Moorburg,Germany,53.4929396,9.925873099999999
Moralet,Spain,38.4454911,-0.5718489999999999
Morasco,Italy,44.5105013,9.0800904
Morino,Italy,41.8473872,13.4396172
Mrwd,United Kingdom,55.378051,-3.435973
Mucone,Italy,39.3821133,16.5201084
Muela,Spain,41.5758184,-1.1161166
Murge,Italy,40.976111,16.406111
Muschioso,Italy,44.2788483,10.5227563
Mvm szabályozási központ,Hungary,46.0526189,17.802898
Mátrai erőmű,Hungary,47.7944596,20.0545474
Naantali,Finland,60.46608759999999,22.0250874
Naddvik,Norway,61.19200649999999,7.617449499999999
Naistenlahti,Finland,61.5093401,23.7722458
Nant,United Kingdom,53.045217,-4.038411
Napoli,Italy,40.8517983,14.26812
Narcea,Spain,43.3661259,-6.2265678
Naturno,Italy,46.6343132,11.0111737
Nazzano,Italy,42.2298563,12.5960617
Nea,Norway,63.1731151,11.2073295
Nebrodi est,Italy,37.9290063,14.6779267
Nebrodi nord,Italy,37.9290063,14.6779267
Nebrodi ovest,Italy,37.9290063,14.6779267
Neckarwestheim,Germany,49.0460889,9.190855899999999
Nedre rossaga,Norway,66.0726147,13.949902
Nedre vinstra,Norway,61.5923574,9.7566663
Nek,Slovenia,45.9380375,15.5157897
Nembia,Italy,46.100806,10.937162
Nera montoro,Italy,42.4983757,12.4738871
Neurath,Germany,51.039351,6.5953627
Nhoyw,United Kingdom,55.378051,-3.435973
Nicola,Italy,44.0779286,10.0398121
Niederaußem,Germany,50.9866606,6.6697881
Niederrad,Germany,50.0858263,8.6432878
Niehl,Germany,49.9542353,6.3625332
Nogent,France,48.83763099999999,2.481699
Nordjyllandsvaerket,Denmark,57.072589,10.042528
Nore,Norway,60.168845,9.0112458
North wall production,Ireland,53.3487211,-6.237699999999999
Nove,Italy,45.72552520000001,11.6797803
Nováky,Slovakia,48.7190624,18.5420563
Nowa,Poland,51.19176179999999,15.5254075
Npp cernavoda,Romania,44.3175539,28.0577087
Npp kozloduy,Bulgaria,43.7438119,23.7723634
Nulvi tergu,Italy,40.78924980000001,8.7429717
Nuova alta nurra,Italy,40.799421,8.439556999999999
Nuova castelnuovo,Italy,44.5490315,10.9393523
Nuova gabbro,Italy,43.481447,10.4442658
Nuova lago,Italy,46.0160486,9.257167599999999
Nuova larderello,Italy,43.2383151,10.8867808
Nuova martino,Italy,43.626668,11.4370645
Nuova molinetto,Italy,45.5165689,9.3126803
Nuova monterotondo,Italy,42.0517785,12.6202874
Nuova radicondoli,Italy,43.2611791,11.043548
Nuova sasso,Italy,44.4458277,11.198092
Nuova serrazzano,Italy,43.219023,10.8118457
Nurri,Italy,39.7091551,9.2305519
Nyíregyházi kombináltciklusú erőmű,Hungary,47.9495324,21.7244053
Nämforsen,Sweden,63.45,16.9500001
Nürnberg sandreuth,Germany,49.4311763,11.0599027
Oberhasli kwo,Switzerland,46.7010666,8.2329054
Offshore windpark riffgat,Germany,53.6948346,7.228682799999999
Oksla,Norway,60.846343,5.495659
Olivola mw,Italy,45.0349976,8.3683567
Olkiluoto,Finland,61.23592949999999,21.4347339
Olkiluoto kt,Finland,61.2363745,21.4753106
Opole,Poland,50.6751067,17.9212976
Oradea,Romania,47.04650050000001,21.9189438
Oraison,France,43.914706,5.921487
Ordona,Italy,41.3144165,15.6266448
Ordona valle scodella,Italy,41.3144165,15.6266448
Oroszlányi erőmű,Hungary,47.5006201,18.270297
Orsa maggiore,Italy,40.55317549999999,14.2086076
Orsara,Italy,41.2781889,15.2667356
Ortanova loc. santo spirito,Italy,41.3279916,15.709254
Orte,Italy,42.4574411,12.3869837
Oskarshamn,Sweden,57.26569929999999,16.4473984
Oslomej,"Macedonia, Republic of",41.5765727,20.9979789
Ossauskoski,Finland,66.1550244,25.1296935
Ostiglia,Italy,45.0714086,11.1338669
Ostrołęka,Poland,53.0876544,21.5592554
Ottensheim wilhering,Austria,48.332172,14.1743045
Ottmarsheim,France,47.78719,7.506512
Ovre rossaga,Norway,66.0726147,13.949902
Ovre vinstra,Norway,61.5923574,9.7566663
Owp butendiek,Germany,53.08056999999999,8.84391
Oyberget,Norway,63.308393,10.2165611
Ozieri,Italy,40.5862496,9.000060099999999
Paisco,Italy,46.067035,10.2327561
Paksi atomerőmű,Hungary,46.5743687,18.8494116
Palazzo gervasio,Italy,40.9320372,15.9877834
Palermo,Italy,38.11569,13.3614868
Pallanzeno,Italy,46.0396515,8.260328399999999
Palos,Spain,37.2288942,-6.8954258
Paluel,France,49.832363,0.629065
Panni,Italy,41.2024279,15.2779983
Pannongreen,Hungary,46.0671325,18.267558
Pantano d'avio,Italy,46.165,10.47194
Paraviso,Italy,45.5183736,7.266588499999999
Parona,Italy,45.2795804,8.749632199999999
Paroseni,Romania,45.3648052,23.2634416
Partinico,Italy,38.0466977,13.1183541
Passy,France,45.923392,6.684919
Paterno' c.le,Italy,37.5671795,14.9017568
Pe le cannella,Italy,38.94357309999999,17.1462366
Pedesina,Italy,46.0820044,9.5502985
Pego,Portugal,39.4618067,-8.149649799999999
Pego c.c.,Portugal,39.4617794,-8.1496242
Pelos,Italy,46.48954089999999,12.459936
Pemb,United Kingdom,51.67407799999999,-4.9088785
Penly,France,49.980265,1.232629
Penna,Italy,42.4569116,13.9281293
Pepizza,Italy,43.321803,13.7184
Pergen,Netherlands,52.6749368,4.706394599999999
Perreres,Italy,45.9063731,7.6153222
Pescara,Italy,42.4617902,14.2160898
Pescina wind,Italy,42.0253997,13.6505082
Peshtera,Bulgaria,42.0298857,24.2987265
Pete,United Kingdom,51.368408,1.41619
Petralia sottana,Italy,37.8085652,14.0899507
Piacenza,Italy,45.0526206,9.6929845
Pian della rocca,Italy,44.00404169999999,10.5457848
Pianacce,Italy,43.16478499999999,10.615772
Piancastagnaio,Italy,42.8500321,11.6866772
Piano del cornale,Italy,45.044946,8.913430199999999
Picote,Portugal,41.400112,-6.3704778
Pied borne,France,44.475285,3.984922999999999
Piedimulera,Italy,46.0211051,8.2573677
Pietarsaari,Finland,63.6744036,22.6966088
Pietracatella,Italy,41.5722108,14.8571368
Pietrafitta,Italy,39.2561067,16.3434358
Pietragalla,Italy,40.7585569,15.8525154
Pietraporzio,Italy,44.3432404,7.0358608
Pietro avellana,Italy,41.7904529,14.18279
Pieve vergonte,Italy,45.9760028,8.2829063
Piombino,Italy,42.9256335,10.5258891
Pitagora,Italy,46.2226052,12.7679878
Pizzone,Italy,41.6750756,14.0368454
Pkn orlen,Poland,52.24966,19.6236739
Plastiras,Greece,39.297222,21.7525
Platanovrysi,Greece,38.1359122,21.7609129
Plate taille,Belgium,50.1857528,4.3823302
Plavinas,Latvia,56.6182449,25.725792
Ploaghe nulvi,Italy,40.6649071,8.7446693
Ploop szabályozási központ,Hungary,46.0526189,17.802898
Pocinho,Portugal,41.1296104,-7.123567899999999
Poggi alti,Italy,42.75,11.3833333
Poggio imperiale,Italy,41.8247876,15.3672536
Poggio malconsiglio,Italy,43.3995598,10.6198311
Polimeri europa s.p.a. porto torres,Italy,40.8333682,8.402292899999999
Polyfyto,Greece,40.3176717,22.1186001
Pomigliano d'arco,Italy,40.9101303,14.3829123
Pomorzany,Poland,53.3989482,14.5339392
Pont,Italy,45.594928,7.798356999999999
Pont st. martin,Italy,45.594928,7.798356999999999
Pont sur sambre,France,50.222336,3.847567
Ponte albanito,Italy,41.9003655,12.4688703
Ponte annibale,Italy,44.3469315,9.2271185
Ponte felice,Italy,43.5881134,13.319206
Ponte gardena,Italy,46.5977848,11.5312649
Ponte gardena enel prod,Italy,46.5977848,11.5312649
Ponte giulio,Italy,42.760088,12.061788
Ponte malon,Italy,45.4731055,9.1767225
Ponte marm,Italy,45.52123,11.0426118
Ponte morasco,Italy,46.42396369999999,8.3953331
Pontecorvo,Italy,41.4545679,13.6637674
Pontefiume,Italy,41.2295283,16.0198468
Poolbeg,Ireland,53.3396047,-6.189820999999999
Poolbeg production,Ireland,53.3396047,-6.189820999999999
Porcari,Italy,43.841981,10.6176612
Porcheville,France,48.971683,1.776713
Porjus,Sweden,66.9592437,19.821773
Porsi,Sweden,66.4653427,20.6418377
Portile fier,Romania,44.67137719999999,22.5286426
Porto corsini,Italy,44.49404579999999,12.2788825
Porto empedocle c.le,Italy,37.2881801,13.5271724
Porto viro,Italy,45.0403484,12.2191884
Portoferraio,Italy,42.8108565,10.3211801
Portotorre,Italy,40.8333682,8.402292899999999
Porąbka żar,Poland,49.77958,19.2120064
Posticciola,Italy,42.2399171,12.9333002
Pouget,France,43.59246599999999,3.523704
Pournari,Greece,39.7743331,22.5752286
Połaniec,Poland,50.43302,21.28065
Połaniec pasywna,Poland,50.43302,21.28065
Ppc bratislava,Slovakia,48.131125,17.1104342
Pragneres,France,42.81933600000001,0.0113709
Prati vizze,Italy,46.8998845,11.4620573
Preci,Italy,42.8806639,13.0396385
Predazzo,Italy,46.312589,11.602437
Presenzano,Italy,41.375996,14.0779726
Priolo c.le,Italy,37.15785839999999,15.1837006
Priolo gargallo,Italy,37.15785839999999,15.1837006
Prizzi corleone,Italy,37.7221352,13.42825
Progresu,Romania,44.3582285,26.4603819
Provence,France,44.0144936,6.2116438
Provence biomasse,France,43.46625160000001,5.4889905
Provvidenza,Italy,45.11235,7.593798499999999
Pshpp belmeken,Bulgaria,42.1621906,23.871473
Pshpp chaira gen,Bulgaria,42.1621906,23.871473
Pshpp orfeus gen,Bulgaria,42.1621906,23.871473
Psw erzhausen,Germany,51.8914388,9.9279531
Psw geesthacht,Germany,53.4190265,10.3935577
Psw goldisthal,Germany,50.5219,11.0049501
Psw hohenwarte,Germany,50.60628010000001,11.4793691
Psw markersbach,Germany,50.52469989999999,12.875422
Pécsi erőmű,Hungary,46.06451939999999,18.2636539
Pątnów,Poland,51.1465367,18.6073064
Quero,Italy,45.9223593,11.9304726
Quincinetto,Italy,45.561809,7.8078995
Quirico,Italy,43.0581804,11.6060636
Raahen voima,Finland,64.66199,24.4485934
Rana,Norway,66.4393389,14.3122322
Rance,France,48.5690229,-1.9965277
Rancia,Italy,43.23085,13.3558499
Randens,France,45.543855,6.310284999999999
Ratino,Italy,42.5244993,12.8342284
Rats,United Kingdom,51.5290022,-0.1195748
Ratsgt,United Kingdom,51.335545,1.419895
Raul mare,Romania,45.5928178,22.9704067
Rea dalmine,Italy,45.6341481,9.6080645
Regalbuto,Italy,37.6500078,14.6402566
Regoledo,Italy,46.02700309999999,9.296623799999999
Regua,Portugal,41.1656737,-7.7867018
Reisseck,Austria,46.8810704,13.2906324
Rendal,Norway,61.8916367,11.3160313
Rende ecosesto,Italy,39.3317751,16.1839028
Resio,Italy,44.8254715,8.2755569
Rete,Italy,40.9389167,14.3675758
Reuter,Germany,51.2150699,6.755592699999999
Reuter west,Germany,52.5351386,13.2426717
Revin,France,49.941893,4.637199
Rhe bajina basta,Serbia,43.9705397,19.5649108
Rheinfelden,Germany,47.5896468,7.768778999999999
Rheinfelden ch,Switzerland,47.55219,7.7922914
Rheinhafen dampfkraftwerk karlsruhe,Germany,49.0137697,8.3059811
Rheinkraftwerk iffezheim,Germany,48.8324383,8.111501
Rhinau,France,48.318771,7.704565999999999
Rhode production,Ireland,53.3499888,-7.198962900000001
Ribatejo,Portugal,38.9022048,-9.0397427
Ricigliano,Italy,40.6675197,15.479528
Riga,Latvia,56.9496487,24.1051865
Rijnmond,Netherlands,51.90275450000001,4.460162599999999
Ringhals,Sweden,57.260718,12.113006
Ringvaart steg,Belgium,51.01581359999999,3.7106662
Rio pusteria,Italy,46.79652110000001,11.6681001
Rio riva,Italy,45.8891984,10.8430696
Ripabottoni,Italy,41.6901577,14.8090717
Ripacandida,Italy,40.9120331,15.7212957
Ritsem,Sweden,67.7225771,17.4683965
Riva del garda nuovo,Italy,45.8847915,10.8406661
Rizziconi,Italy,38.433813,15.981739
Robla,Spain,42.8012489,-5.627395099999999
Rocca,Italy,42.3288744,13.6888616
Rocca ficuzza,Italy,37.8854218,13.3889008
Rocca rossa,Italy,38.0388371,13.4517187
Rocchetta,Italy,41.6288733,14.0710954
Rock,United Kingdom,57.70664360000001,-2.8502628
Rodenhuize,Belgium,51.14727999999999,3.79202
Roedsand,Denmark,54.56611110000001,11.8888889
Roldal,Norway,59.832353,6.8210853
Roncovalgrande,Italy,46.0675885,8.7318778
Roos,United Kingdom,53.754456,-0.043626
Rosen,Italy,44.287028,12.348217
Rosone,Italy,45.4307948,7.433860099999999
Rossano te,Italy,39.57633089999999,16.6342882
Rotello,Italy,41.7463857,15.0061603
Rotondella,Italy,40.17033139999999,16.524359
Rovesca,Italy,46.0567012,8.1237738
Rovinari,Romania,44.90000269999999,23.1543463
Roßhag,Austria,47.4274002,9.8985696
Rrew,United Kingdom,51.5244004,-0.0743066
Rshlw,United Kingdom,51.50846010000001,0.02984599999999999
Ruggt,United Kingdom,55.378051,-3.435973
Ruhrort,Germany,51.4499282,6.7483238
Ruieni,Romania,45.3851702,22.3846701
Rya kvv,Sweden,57.6926349,11.890887
Rybnik,Poland,50.1021742,18.5462847
S. angelo,Italy,40.7033478,13.883951
S. domenica,Italy,38.6639633,15.8648916
S.agata biomassa,Italy,44.67219679999999,11.1183147
S.anna,Italy,43.9747017,10.2731578
S.antonio,Italy,37.6062545,15.1259696
S.colombano,Italy,45.1827707,9.4889194
S.damiano,Italy,43.0614954,12.618054
S.e.f. srl,Italy,45.6610065,9.225541699999999
S.fiorano,Italy,45.1374509,9.7231814
S.fiorano generazione,Italy,45.1374509,9.7231814
S.floriano,Italy,45.9822617,13.5876476
S.foca,Italy,40.3020255,18.4036362
S.giacomo,Italy,46.96657829999999,11.5978486
S.leonardo,Italy,46.1185306,13.531517
S.m.garoña,Spain,42.7665577,-3.219718
S.massenza molveno,Italy,46.0655042,10.9833173
S.pancrazio,Italy,40.4349721,17.8590249
S.pietro orzio,Italy,45.8854353,9.6631594
S.silvestro,Italy,41.9028403,12.4806528
S.valburga,Italy,46.5478977,11.0032249
Sa turrina manna,Italy,40.7638868,8.965657799999999
Sacco,Italy,40.37935969999999,15.4009508
Saheim,Norway,59.87643479999999,8.591738
Saint chamas,France,43.550669,5.034508
Saint esteve,France,42.711815,2.8437039
Saint ghislain steg,Belgium,50.4491086,3.8183757
Saint guillerme,France,43.734434,3.549015
Saint pierre cognet,France,44.88076299999999,5.777848
Sainte croix,France,43.7715417,6.1898262
Sajószögedi gázturbinás erőmű,Hungary,47.9458004,20.9946112
Salamonde,Portugal,41.6805327,-8.0952225
Salemi,Italy,37.8075233,12.7824777
Salisano,Italy,42.2777695,12.7479899
Sallent,Spain,41.8271079,1.8922257
Salmisaari,Finland,60.16206159999999,24.8999884
Salsominore,Italy,44.8183121,9.9825123
Salto,Italy,44.49357,9.3109617
Sampeyre,Italy,44.5794459,7.1856201
Sandbank,Germany,54.1333333,8.6833333
Sandw,United Kingdom,51.274017,1.337427
Sanfront,Italy,44.6489775,7.317971200000001
Sanroque,Spain,36.2104615,-5.384431699999999
Sant'alberto,Italy,44.5431383,12.1544286
Sant'andrea energia pulita,Italy,45.9171398,13.590745
Santa ninfa,Italy,37.7719947,12.8791253
Santomenna,Italy,40.8074781,15.320254
Santurce,Spain,43.328128,-3.0336586
Sarentino,Italy,46.6412136,11.3541082
Sarlux,Italy,39.0885548,9.0126618
Sarmato,Italy,45.0596612,9.4914405
Sarrans,France,44.083415,4.971544
Sasso,Italy,42.4690901,13.5654488
Satriano,Italy,38.6678244,16.4806572
Saurdal,Norway,60.9244158,9.4148611
Saussaz,France,45.209407,6.484731999999999
Savignano,Italy,41.22837699999999,15.1814179
Saviner,Italy,46.43848850000001,11.9847739
Scalelle,Italy,40.119916,18.481087
Scandale,Italy,39.123897,16.9588336
Scheldelaan exxonmobil,Belgium,51.2564764,4.345994
Schkopau,Germany,51.3900745,11.9851505
Schluchsee,Germany,47.818711,8.1771184
Schluchseewerk,Germany,47.5573968,8.0454952
Scholven,Germany,51.6109446,7.019461
Schwarze pumpe,Germany,51.5310472,14.3252614
Seab,United Kingdom,51.5238897,-0.0839055
Seinäjoki,Finland,62.787735,22.8504338
Seitevare,Sweden,66.97529000000002,18.5870399
Seled glorenza,Italy,46.6706289,10.5529478
Sella conza,Italy,40.8333333,15.3
Selva,Italy,46.5565395,11.7839583
Sermide,Italy,45.0039927,11.2991526
Serra carpaneto,Italy,44.9137208,9.788065999999999
Serra chiapponi,Italy,40.1739796,15.682954
Serra marrocco,Italy,41.6527512,13.7198665
Serracapriola,Italy,41.8085917,15.1599009
Serre poncon,France,44.5272855,6.381120699999999
Sesta,Italy,45.2872841,9.4739764
Sesto giovanni,Italy,45.5328245,9.2256875
Sestrimo,Bulgaria,42.21573799999999,23.9209416
Sfikia,Greece,40.3856573,22.2113777
Sfil,United Kingdom,52.4447335,-1.8533949
Shbab,United Kingdom,53.7952798,-1.5466376
Shin,United Kingdom,58.1159027,-4.5744921
Shos,United Kingdom,51.51469549999999,-0.1260231
Sicet,Italy,41.8900819,12.4996685
Siersza,Poland,50.20107609999999,19.4198122
Signayes,Italy,45.7578407,7.312332499999999
Sil,Spain,42.5218858,-6.8024172
Silkeborgvaerket,Denmark,56.176362,9.5549217
Silz,Germany,49.1474138,7.949013700000001
Simeri crichi,Italy,38.8876155,16.6645007
Simmering,Austria,48.1690647,16.4217332
Sinergy szabályozási központ,Hungary,46.0526189,17.802898
Sines,Portugal,37.9571555,-8.860890699999999
Sisteron,France,44.194713,5.943191
Sizb,United Kingdom,51.5135175,-0.1393877
Skaerbaekvaerket,Denmark,55.5111111,9.613333299999999
Skawina,Poland,49.9751815,19.8288749
Skjerka,Norway,58.6752445,7.302490199999999
Skjomen,Norway,68.255355,17.4005291
Sloecentrale unit,Netherlands,51.4478825,3.6926509
Sloy,United Kingdom,56.270833,-4.602778
Solberg,Norway,59.628425,10.667302
Solina,Poland,49.3993322,22.4677303
Somplago,Italy,46.3491942,13.0671184
Songa,Norway,58.901821,5.7056081
Sopronkövesd szélerőműpark,Hungary,47.54605040000001,16.7432859
Sora,Italy,41.7188539,13.6130491
Sorgenia puglia modugno,Italy,41.1030647,16.7577691
Sospirolo,Italy,46.1429856,12.0738993
Sostene,Italy,38.639332,16.4850678
Soto,Spain,43.1618507,-5.6466455
Soverzene,Italy,46.2063212,12.3028552
Sparanise,Italy,41.1933964,14.099336
Spartivento,Italy,38.8776942,8.845533
Spem,France,45.130862,1.320075
Spezia centr,Italy,44.1113339,9.813383499999999
Spigno cen,Italy,41.3266062,13.6941672
Spina,Italy,44.6281523,12.2551553
St alban,France,48.557172,-2.532964
St etienne cantales,France,44.94902,2.225837
St laurent,France,43.673417,7.189811
Stadsforsen,Sweden,62.9796527,16.6627543
Stalla,Italy,44.3939828,8.495222799999999
Stalon,Sweden,64.9404326,15.8713456
Stalowa wola,Poland,50.5826005,22.0535861
Stanga,Italy,46.211694,12.129325
Staudinger,Germany,50.0867718,8.9537739
Stay,United Kingdom,53.48681209999999,-2.2542715
Stazzona,Italy,46.1449228,9.2695455
Steinsland,Norway,60.93359270000001,5.9715375
Stejaru,Romania,44.1823845,24.8892287
Stenungsund,Sweden,58.0678388,11.8294345
Stigsnaesvaerket,Denmark,55.205301,11.25353
Stornorrfors,Sweden,63.8525,20.051667
Storo,Italy,45.8482451,10.5790256
Strasbourg,France,48.5734053,7.752111299999999
Stratos,Greece,38.6673893,21.3168387
Strongoli,Italy,39.2670877,17.0503834
Studstrupvaerket,Denmark,56.2489534,10.3472225
Stuttgart münster,Germany,48.8236812,9.2091081
Stve,United Kingdom,51.5385266,-0.0989163
Sued,Germany,51.165691,10.451526
Sugag,Romania,45.7776871,23.6206131
Sugarella,Italy,42.936253,11.534813
Suio,Italy,41.29492820000001,13.8509732
Sulcis centr,Italy,39.0373917,8.418422399999999
Suldal,Norway,59.5715437,6.816438
Sundsbarm,Norway,59.5469161,8.426978499999999
Sundsfjord,Norway,66.983017,14.1690701
Suomenoja,Finland,60.16068639999999,24.7074508
Super bissorte,France,45.1735936,6.5777081
Susa,Italy,45.1386144,7.048457300000001
Suviana,Italy,44.137189,11.0365306
Svartisen,Norway,66.6333333,14.0
Svelgen,Norway,61.7685236,5.2955096
Swentibold,Netherlands,51.01137629999999,5.8002305
Sy sima,Norway,60.4995946,7.1637081
Sällsjö,Sweden,63.23282279999999,13.6824963
Tafjord,Norway,62.2311513,7.4153287
Tahkoluoto,Finland,61.6333168,21.4166604
Taio,Italy,46.32202179999999,11.0694984
Talamona,Italy,46.1368155,9.6105769
Taloro,Italy,40.1192269,9.2076051
Tanagro,Italy,40.4249397,15.546451
Tanes,Spain,43.2068593,-5.4002664
Tarbert production,Ireland,52.5725966,-9.3751312
Tarrag,Spain,41.6480797,1.1409432
Tarrag ib,Spain,41.1188827,1.2444909
Tatabánya erőmű,Hungary,47.5601589,18.4279957
Tavazzano,Italy,45.32772180000001,9.4054364
Taverna storta nord,Italy,42.0184552,12.3769704
Taverna storta sud,Italy,40.5625825,15.4068079
Tawnaghmore production,Ireland,54.1934,-9.2206
Te gacko,Bosnia and Herzegovina,43.1672447,18.5360484
Te kakanj,Bosnia and Herzegovina,44.0872452,18.1141114
Te kolubara,Serbia,44.4143942,20.218277
Te kostolac,Serbia,44.7230391,21.1707377
Te morava,Serbia,44.219656,21.1650322
Te pljevlja,,43.3345352,19.3277008
Te stanari,Bosnia and Herzegovina,44.7536615,17.7928983
Te tuzla,Bosnia and Herzegovina,44.5199934,18.6057264
Te ugljevik,Bosnia and Herzegovina,44.6829417,18.9694604
Teb,Slovenia,45.9975835,15.4785395
Tec bobovdol ead,Bulgaria,42.2837142,23.032473
Tec maritsa ad,Bulgaria,42.0524351,25.6239099
Tecnoborgo,Italy,45.0547046,9.7319804
Teglia,Italy,40.6734304,15.3464163
Tenaris dalmine s.p.a.,Italy,45.6449527,9.6040725
Tent,Serbia,44.6715234,20.1562261
Ter,Spain,42.0559129,3.0035025
Tera esla,Spain,42.2283142,-6.775338
Termica colleferro,Italy,41.73550669999999,12.9696185
Termini imerese c.le,Italy,37.984023,13.6961892
Termoelettrica,Italy,45.4021972,10.7154864
Termoli,Italy,42.0005331,14.9952839
Termovalorizzatore acerra,Italy,40.9786446,14.3828476
Termovalorizzatore cdr,Italy,43.8494438,11.1754706
Terni,Italy,42.5636168,12.6426604
Teruel,Spain,40.3456879,-1.1064345
Teto novi sad,Serbia,45.2671352,19.8335496
Teto zrenjanin,Serbia,45.3815612,20.3685737
Teverola,Italy,41.0085381,14.2134347
Teš,Slovenia,46.3740381,15.0514274
Tfibges,Spain,37.3716515,-2.2728877
Tfsedae,Spain,28.2723384,-16.642508
Thesavros,Greece,36.973984,24.723181
Tiefstack,Germany,53.5308823,10.0663786
Tihange,Belgium,50.52969909999999,5.2614551
Tikves,"Macedonia, Republic of",41.4351304,22.0028083
Timpagrande,Italy,39.1755365,16.7803288
Tioxide europe scarlino,Italy,42.923042,10.8064359
Tirso,Italy,39.9154627,8.607190899999999
Tismana,Romania,45.0499296,22.9458871
Tiszai erőmű,Hungary,47.9168905,21.0756327
Tjodan,Norway,59.01213019999999,10.2133395
Tjorhom,Norway,58.8885747,6.8519783
Tokke,Norway,59.4756002,7.707171499999999
Tonstad,Norway,58.66263079999999,6.716948299999999
Toplo ruse,Bulgaria,43.86987,26.01552
Toppa,Italy,43.5354576,11.2345004
Toppila,Finland,65.0384198,25.4431155
Tor valle,Italy,41.8233542,12.4294608
Torbole,Italy,45.8778243,10.8908516
Torino nord,Italy,45.0703393,7.686864
Tornavento,Italy,45.58134829999999,8.7097632
Torpa,Norway,61.0127981,9.9187853
Torpshammar,Sweden,62.4755923,16.324512
Torrao,Portugal,38.2945393,-8.2238261
Torre ruggiero,Italy,38.6532245,16.3726073
Torrevaldaliga,Italy,42.1283439,11.7566573
Torrite,Italy,44.0979979,10.399246
Torviscosa,Italy,45.8292352,13.2627729
Trapani c.le,Italy,38.0173505,12.5365171
Trapani contrada coniglia,Italy,38.0173505,12.5365171
Trapani salemi,Italy,37.8075233,12.7824777
Travale,Italy,43.1676323,11.0069318
Tre torri,Italy,44.8251168,11.0465324
Triano,Italy,42.5404681,13.816011
Tricastin,France,44.3262629,4.731315700000001
Trillo,Spain,40.7007797,-2.5928841
Troia,Italy,41.3597802,15.3081141
Troia cancarro,Italy,41.3402776,15.2602387
Troia cireo,Italy,41.3597802,15.3081141
Troia vincenzo,Italy,38.1739913,13.2417755
Trängslet,Sweden,61.3764616,13.7216033
Tula,Italy,40.72996089999999,8.9833983
Turano lodigiano bertonico lo,Italy,45.24882540000001,9.6228049
Turbigo,Italy,45.5329915,8.736665
Turbigo s.,Italy,45.5329915,8.736665
Turceni,Romania,44.674076,23.374199
Turlough hill,Ireland,53.024167,-6.416388899999999
Turów,Poland,50.9946636,17.0685875
Tusciano,Italy,40.6088874,14.95956
Tychy,Poland,50.12180069999999,19.0200023
Tyin,Norway,61.28821920000001,8.2101109
Tynagh production,Ireland,53.150019,-8.3736439
Tysso,Norway,60.6180361,5.5829755
U.p. barilla parma,Italy,44.8240965,10.37573
U.p. whirlpool,Italy,43.3461935,12.9090521
Uimaharju,Finland,62.9140212,30.2515897
Ulassai,Italy,39.8111464,9.4995256
Unigra' conselice,Italy,44.5347225,11.8607701
Uppsala kvv,Sweden,59.85856380000001,17.6389267
Ururi,Italy,41.8160988,15.0141093
Uskm,United Kingdom,51.525578,-0.0965514
Usta,Norway,60.5667747,8.3094514
Vaglio,Italy,40.6684827,15.9187269
Vaires,France,48.87360899999999,2.639543
Val noana,Italy,46.138214,11.839135
Valcimarra fiastrone,Italy,43.1382232,13.1674448
Valeira,Portugal,38.641932,-7.996449999999999
Vallabregues,France,43.853401,4.628383
Vallata,Italy,41.0252906,15.2779983
Vallesaccarda,Italy,41.0650449,15.2549367
Valpelline,Italy,45.8257747,7.3267545
Vamma,Norway,59.54177989999999,11.1706808
Vandellos,Spain,40.9908991,0.9236691
Vargfors,Sweden,65.0178502,19.6899033
Varna bg,Bulgaria,43.2140504,27.9147333
Varzo,Italy,46.2088946,8.2526009
Varzo cairasca,Italy,46.2088946,8.2526009
Vaskiluoto,Finland,63.089043,21.5776979
Vecchio valle cancelli ripa,Italy,43.3025334,12.8406025
Velsen,Netherlands,52.4520591,4.630587100000001
Vemork,Norway,59.88104999999999,8.496001999999999
Venamartello,Italy,42.7896735,13.4164107
Venaus,Italy,45.1511575,7.0170676
Venina,Italy,45.4408474,12.3155151
Vento vino,Italy,43.450944,11.453805
Veolia szabályozási központ,Hungary,46.0526189,17.802898
Verampio,Italy,46.24758060000001,8.3283991
Verres,Italy,45.6624352,7.6938048
Verzuolo,Italy,44.5938864,7.483104499999999
Vidraru,Romania,45.39648529999999,24.6224249
Vietas,Sweden,67.4846464,18.3564208
Vilarinho f.,Portugal,41.3714762,-8.3321648
Villa,Italy,40.6442298,14.6111347
Villa castelli wf,Italy,40.5827618,17.4778206
Villa rinaldi,Italy,39.3115743,16.0508151
Villa s.maria,Italy,41.9513556,14.3529886
Villarodin,France,45.2260931,6.685819299999999
Vilniause,Lithuania,54.6871555,25.2796514
Vinadio,Italy,44.3077779,7.176439199999999
Vinchiana,Italy,43.9175097,10.5333449
Vindpark björkhöjden,Sweden,63.413814,16.0872715
Vinje,Norway,59.88997200000001,7.764775699999999
Vizzini,Italy,37.1613188,14.7488678
Vizzola t.,Italy,45.6261799,8.6829486
Vobarno,Italy,45.6424642,10.5005307
Voelklingen,Germany,49.2556226,6.8588948
Voestalpine linz,Austria,48.2730557,14.3392806
Vogelgrun,France,48.012656,7.573436
Voghera,Italy,44.99165989999999,9.0120442
Vojany,Slovakia,48.5702197,21.9875696
Volturara,Italy,40.8802445,14.9180629
Volturino,Italy,41.4775815,15.1233932
Volturno,Italy,41.3205462,14.2399629
Vouglans,France,46.485,5.680833
Vpp szabályozási csoport,Hungary,47.478345,19.027352
Vrutok,"Macedonia, Republic of",41.7665302,20.8381555
Vuosaari,Finland,60.20966869999999,25.1360282
Waldeck,Germany,51.2076269,9.0646516
Wallsee mitterkirchen,Austria,48.18848819999999,14.6954992
Walsum,Germany,51.52786889999999,6.7238275
Wartsila italia s.p.a,Italy,44.4014596,8.931184100000001
Wbups,United Kingdom,54.9246114,-2.9687282
Wdnso,United Kingdom,51.4817279,-0.613576
Wedel,Germany,53.58238129999999,9.7137465
Weiher,Germany,49.1627831,8.6290693
Weisweiler,Germany,50.8273398,6.3147251
West,Germany,51.165691,10.451526
West offaly production,Ireland,53.2730298,-8.042218199999999
Westereems,Netherlands,53.0471398,5.6578693
Westfalen,Germany,51.43323669999999,7.661593799999999
Whilw,United Kingdom,51.5019441,-0.1904793
Whitegate prod,Ireland,51.8267841,-8.2321121
Wilhelmshaven,Germany,53.53234029999999,8.1068722
Wilmersdorf,Germany,52.4904703,13.3144802
Wind farm melfi,Italy,40.660892,15.375237
Windpark havelland,Germany,52.59735999999999,12.8426301
Windpark trianel borkum west,Germany,53.593131,6.704731199999999
Wpp cogealac,Romania,44.56115579999999,28.5625855
Wpp crucea nord,Romania,46.962303,26.7706456
Wpp facaeni,Romania,44.420252,26.218817
Wpp pantelimon,Romania,44.4446966,26.1704409
Wpp stupina,Romania,44.5605322,28.1802255
Wrocław,Poland,51.1078852,17.0385376
Wte,Italy,45.5468945,8.9582214
Włocławek,Poland,52.6483303,19.0677357
Ybbs persenbeug,Austria,48.1764209,15.0820859
Za puławy,Poland,51.4508204,21.9841354
Zabrze,Poland,50.3249278,18.7857186
Zakłady chemiczne police sa,Poland,53.570671,14.549895
Zandvliet,Belgium,51.35964999999999,4.30716
Zelzate knippegroen,Belgium,51.1577139,3.8061437
Zevio,Italy,45.37170159999999,11.1335491
Zielona góra,Poland,51.9356214,15.5061862
Zuino,Italy,45.6790058,10.6443152
Älvkarleby,Sweden,60.56860669999999,17.4489129
Ögonfägnaden,Sweden,63.50000000000001,15.9499999
Újpesti erőmű,Hungary,47.5543462,19.1016106
Čhe avče,Slovenia,46.1026895,13.670725
Čierny váh,Slovakia,49.01199,19.94227
Łagisza,Poland,50.3505058,19.1406488
Łaziska,Poland,49.9324513,18.4549034
Żarnowiec,Poland,54.7874158,18.0856717
Żydowo,Poland,54.0424371,16.7161915
