{
      "ChIJY2wDrSXCgkcRE9OQAyk-4ag": {
            "place_name": "Ciardes",
            "formatted_address": "39020 Ciardes BZ, Italy",
            "address_components": [
                  {
                        "long_name": "Ciardes",
                        "short_name": "Ciardes",
                        "types": [
                              "locality",
                              "political"
                        ]
                  },
                  {
                        "long_name": "Castelbello-ciardes",
                        "short_name": "Castelbello-ciardes",
                        "types": [
                              "administrative_area_level_3",
                              "political"
                        ]
                  },
                  {
                        "long_name": "Alto Adige",
                        "short_name": "BZ",
                        "types": [
                              "administrative_area_level_2",
                              "political"
                        ]
                  },
                  {
                        "long_name": "Trentino-Alto Adige",
                        "short_name": "Trentino-Alto Adige",
                        "types": [
                              "administrative_area_level_1",
                              "political"
                        ]
                  },
                  {
                        "long_name": "Italy",
                        "short_name": "IT",
                        "types": [
                              "country",
                              "political"
                        ]
                  },
                  {
                        "long_name": "39020",
                        "short_name": "39020",
                        "types": [
                              "postal_code"
                        ]
                  }
            ],
            "gm_lat": 46.6383258,
            "gm_lon": 10.9413657,
            "place_types": [
                  "locality",
                  "political"
            ],
            "gm_url": "https://maps.google.com/?q=39020+Ciardes+BZ,+Italy&ftid=0x4782c225ad036c63:0xa8e13e290390d313",
            "vicinity": "Ciardes",
            "photos": [
                  {
                        "height": 898,
                        "html_attributions": [
                              "<a href=\"https://maps.google.com/maps/contrib/101442550864886331513\">Luciano Evarchi</a>"
                        ],
                        "photo_reference": "ATtYBwJV6PKhWCwfJU9zsyInur7_2A-s-uWSJDiQYtWtTae4psvwxYyZcWKkLKsSCjL3rdAiEdnTmqyq8E3X67O6wc9FOPNX6mmjzS4CfbYOQiYDC9l2yItfYMLmu3o6QsioARmkqRtXNDuBBShLA0lc1i5prDyHZbgZkRQ9zqChtfXvckm_",
                        "width": 673
                  },
                  {
                        "height": 720,
                        "html_attributions": [
                              "<a href=\"https://maps.google.com/maps/contrib/114225372629442168927\">alfredo luigi zampieri</a>"
                        ],
                        "photo_reference": "ATtYBwLkhPg5JnjgeZsBsnsZtg0O-kgHYMgsi9oYjJrIWn-S_OkyP8_44tWlIzHmr8hhdhRyXnAoeOvDdonVyLV2n0Q_OQHSS6yTZtGAddtOqZdaz16OQyC49ubyWOhN2h5R15c9TBb09AEucHfjhWk7Vh_-140rQX0XMy_MeabYlUn9WFc",
                        "width": 720
                  },
                  {
                        "height": 898,
                        "html_attributions": [
                              "<a href=\"https://maps.google.com/maps/contrib/101442550864886331513\">Luciano Evarchi</a>"
                        ],
                        "photo_reference": "ATtYBwLqkCVIvN7uDcQM2_p7ji5CFV_wRKkY14ebZon8GVA1s42UQ4Y9pPRWBOx0Atw09s-cJZ3CAmPpXcQaDj4ZUS8hY9Lft2csADJrXGv68Z_PkVCUkXawFX7FIGUn6ffDvOEI2Gm0jnxiVo4nLSODrM4dOSb0jv1zMCFnGMUmqgdwzorU",
                        "width": 673
                  },
                  {
                        "height": 2608,
                        "html_attributions": [
                              "<a href=\"https://maps.google.com/maps/contrib/112604589916203712742\">Gioacchino palmieri</a>"
                        ],
                        "photo_reference": "ATtYBwLkHKk2M7Qhyov7QF8ooXnG5hRB_4qVpwJLGLNUWWMWwdkRGfp0YfN_bXG8I80-nXoOzUB0oz6HpZET_STKSed8-iOb5K6bGD5Luq1eF5RGCjHFxgaY_DaGvEj37Jd9aNwcGg0C0fPsPjg1eGp-tIzitTjXPRS7ndihKChsM_pTnlLZ",
                        "width": 4632
                  },
                  {
                        "height": 3024,
                        "html_attributions": [
                              "<a href=\"https://maps.google.com/maps/contrib/117233398008404658648\">Dino Piccoli</a>"
                        ],
                        "photo_reference": "ATtYBwLgeL_VXFJfy9IJm-DjBhRtWZixQUS4jhkfoY6sWNpxlf2z1v3w870sD1fXD1WunHEk_PsSAEpzpEdORUlHnKlEAfgeSkCsTWhG-jfcCorsWTiM3cqwVzFT12bY4TxSv4m7KXG5v2RFCEGPGI84O9ozRW_Y7uI96KSxsJ-ZvdIUH1Pe",
                        "width": 4032
                  },
                  {
                        "height": 3968,
                        "html_attributions": [
                              "<a href=\"https://maps.google.com/maps/contrib/109259923848862554989\">Jochn Visentin</a>"
                        ],
                        "photo_reference": "ATtYBwLDja0z_cSVBrPutrvOmHYq7gJUb48b94V_c62_2lzE9F-f2-MDAN3syQ_vQrJX8m6bZ1IISiarYUKRuAHpj-kNj_zaUgd5ZdbrD-u7Y2-lV4WshwkhUVZrFL9dtLYZ0moXtcjPLU0reAPMRy6f5bt5mUdZjXR3MCIn8vLEmOTcP5gz",
                        "width": 2976
                  },
                  {
                        "height": 1440,
                        "html_attributions": [
                              "<a href=\"https://maps.google.com/maps/contrib/114225372629442168927\">alfredo luigi zampieri</a>"
                        ],
                        "photo_reference": "ATtYBwJXkEdP0qF8JcrABdJvPgqcirUwHuHeXIy-Yb7FHTtbLPb8LKAO4QS_zoTA0DebkwUVTdiTPJ9IyWxl6gskJhVWRSHErph9CWB0kNwn70XwlNKRW06oribIKvmYmWFfGarvpuUKuT6ea55KP6tsqd0g3mjE9HMoZRi3KQs26UZCq74",
                        "width": 1080
                  },
                  {
                        "height": 1471,
                        "html_attributions": [
                              "<a href=\"https://maps.google.com/maps/contrib/107405888062469874546\">Mauro T. C.</a>"
                        ],
                        "photo_reference": "ATtYBwK6LJz6s0JyQyf-knyiuEQi8KJcM_gkY0zwLWD0T7AvSPMLH5sFIW9YPoEjLH9MiyOlDA1F34b8Ys4TQF6odyhRqb5I9Fj4plRRkD6flooqSkNipuB2-5Do40Rbe_HUxhj033iQhZu9F68LVBeLqlLitxSNrRIhnwhUxuLekHpg97eT",
                        "width": 2147
                  },
                  {
                        "height": 2304,
                        "html_attributions": [
                              "<a href=\"https://maps.google.com/maps/contrib/115926449760283540665\">Ross Salamone</a>"
                        ],
                        "photo_reference": "ATtYBwI3UwygWvGnMfyDemv-yiDyEvv2vqsOOC-GKaKQ0tECbh03m3IEI3HC7-BO5sK44fR271Nwe_Ldu8NtkM_UwBWrWEm3JVVpU_KUtmE1vvcELEScdtvMdVBPnAl6XZczBTcsy4SuSEDDgoEaZ0BdoBilKJ2IZyyxki1bg35DBaXGeu6h",
                        "width": 4096
                  },
                  {
                        "height": 4632,
                        "html_attributions": [
                              "<a href=\"https://maps.google.com/maps/contrib/112604589916203712742\">Gioacchino palmieri</a>"
                        ],
                        "photo_reference": "ATtYBwIW9mhAYup6XsWPP01jVQDZRkJ_IDGixoXFZ5TdDitr7urdjIpFtkoYg_JHXwrOb0f688yM5UoiwHajWZCyikZflblknaxKDMqCi9X32LFuzxINfm4ZOoTuLlqlFMZcXQy6ln-RFPydNmV6GS3gQ8hppbigOxp0em_Tb3Qur2UwBPgn",
                        "width": 2608
                  }
            ],
            "pygeo_data": {
                  "house_number": "17",
                  "road": "Raslweg - Via Rasl",
                  "village": "Tschars - Ciardes",
                  "city": "Kastelbell-Tschars - Castelbello-Ciardes",
                  "municipality": "Vinschgau - Val Venosta",
                  "county": "Bolzano - Bozen",
                  "state": "Trentino-Alto Adige/Südtirol",
                  "postcode": "39020",
                  "country": "Italia",
                  "country_code": "it"
            }
      },
      "ChIJqeY0niPVeUcRb-YDgVR3XHU": {
            "place_name": "Puster Valley",
            "formatted_address": "Puster Valley, 39038 Innichen, South Tyrol, Italy",
            "address_components": [
                  {
                        "long_name": "Puster Valley",
                        "short_name": "Puster Valley",
                        "types": [
                              "natural_feature",
                              "establishment"
                        ]
                  },
                  {
                        "long_name": "Innichen",
                        "short_name": "Innichen",
                        "types": [
                              "administrative_area_level_3",
                              "political"
                        ]
                  },
                  {
                        "long_name": "South Tyrol",
                        "short_name": "BZ",
                        "types": [
                              "administrative_area_level_2",
                              "political"
                        ]
                  },
                  {
                        "long_name": "Trentino-South Tyrol",
                        "short_name": "Trentino-South Tyrol",
                        "types": [
                              "administrative_area_level_1",
                              "political"
                        ]
                  },
                  {
                        "long_name": "Italy",
                        "short_name": "IT",
                        "types": [
                              "country",
                              "political"
                        ]
                  },
                  {
                        "long_name": "39038",
                        "short_name": "39038",
                        "types": [
                              "postal_code"
                        ]
                  }
            ],
            "gm_lat": 46.75,
            "gm_lon": 12.3333333,
            "place_types": [
                  "natural_feature",
                  "establishment"
            ],
            "gm_url": "https://maps.google.com/?q=Puster+Valley&ftid=0x4779d5239e34e6a9:0x755c77548103e66f",
            "vicinity": "NONE",
            "photos": [
                  {
                        "height": 2268,
                        "html_attributions": [
                              "<a href=\"https://maps.google.com/maps/contrib/112229557463204428497\">Roberto Di Tivoli</a>"
                        ],
                        "photo_reference": "ATtYBwLRsbFCg_X7yLTG9H8pyh7V1DXxOg1bL5VI7L2z9L9by6RJXldlAlvS0OkwONdlC-LoqtnWlggWarigEiLGaNBxHIgq5sajrFi6LJKU94HyIzLVQUpnrn94RQQVUf4JEutGRIz1rFCPhSYETQ1xq-twfwcB08iub5M6KNDQ6F9U0Eud",
                        "width": 3024
                  },
                  {
                        "height": 2448,
                        "html_attributions": [
                              "<a href=\"https://maps.google.com/maps/contrib/107003927453341181392\">Stefano Mandini</a>"
                        ],
                        "photo_reference": "ATtYBwLCaMvh-uYY7WBRHpbMmFDI0jn1cx02XP9lxrgYM3vk1X-_Cqo4ZH8XSx73MrZEVfl5i5zeb9yjwrnr5glzBbDErVl62LE9CkPkKluMoxgyxTG98dWfnsgqpuw8weI1V2V0RKMP862ktO337AwTCdAkeZfd4hm_G49mHzt8dcYxDQs",
                        "width": 3264
                  },
                  {
                        "height": 2976,
                        "html_attributions": [
                              "<a href=\"https://maps.google.com/maps/contrib/116482216000409699239\">Marco Forcina</a>"
                        ],
                        "photo_reference": "ATtYBwLCxU_kdVkiEpVeytCMpeVgRYS-s8hyWKPIiMH0KU__2K_nFsBLNc1MlTrw8csYIIrgmSVBRS80IbAb3cGGAkwPKR2W73PU-ulYHHF8u_iLiOy_ly2SoHnhorGy-Epcp8VhWe1UPvpz-xPzy4hmvPx-WZDRoCb4Uj_NIeX3KjkbWcXw",
                        "width": 3968
                  },
                  {
                        "height": 3264,
                        "html_attributions": [
                              "<a href=\"https://maps.google.com/maps/contrib/107003927453341181392\">Stefano Mandini</a>"
                        ],
                        "photo_reference": "ATtYBwIiafaGhOVb3Y0S8Upph55B0CTAhR5DQUrUIacyvXp2WwwerHPM_3XHaXp-onBZiIV1lZhftIET3Y7cGLtEv7NhN3-xKSSdPRc1aTxnj2GAq7vv_M4v6a0-qQGc2ZNs3Qg2eVw7I641Jmuo1BoaWd7PC_bPM28fA-FYtOYTrohj8cE",
                        "width": 2448
                  },
                  {
                        "height": 2432,
                        "html_attributions": [
                              "<a href=\"https://maps.google.com/maps/contrib/102311049103669828943\">Alessandro Barsi</a>"
                        ],
                        "photo_reference": "ATtYBwKE1HQDihSJ_2BoJup0YBD80EFpFyyYDgdyERERf6r7nW6Oqa_gs1poHICLsE7kDMLRUdX-XHhVY8FAPrjrW-V_wH0g1XQt_DSZ5MdircdZQtRY1IeVwYKT7EJRJ6S4EYWIj3DcLwOdpdPG0m2LG9A8w-cctLVKdWwBwYUSBrW0Nmrl",
                        "width": 3286
                  },
                  {
                        "height": 1200,
                        "html_attributions": [
                              "<a href=\"https://maps.google.com/maps/contrib/113373278093521693253\">Michelangelo Martino</a>"
                        ],
                        "photo_reference": "ATtYBwJs7VQwjmT_VS5zlYi8Xkn0eGWac9pvXnxvCoMUM4dZmtRfIU4VWAgndYP9Y3um_Dxj54erm6eSr8ttoUM-0FydgzwG-QArkDIeWXclT8gd7d0ZZSs7irWs-9KDqy4jXXPTnOxtogTW7owKBSXRhTLrXG-vGkB0Yh-El5xKBC13JHeP",
                        "width": 1600
                  },
                  {
                        "height": 3456,
                        "html_attributions": [
                              "<a href=\"https://maps.google.com/maps/contrib/108336555616340423423\">PILL PULL</a>"
                        ],
                        "photo_reference": "ATtYBwJYDPGoQXOnGwtaB6Bx57B5Ht877Baeiw5rC3HkKrjKH5Q1_0mPlNAj7dHldDBxXfmOYTiJUvWYEvNMdrXbY4keUIQUQjI5m2UsaVwMCkV_vO6kjfZYTwAzwkQh-Y2TKiNXperkUyYilDs-o79vVZCBNbnm9QCWPEmMHS-y3RlGRffG",
                        "width": 4608
                  },
                  {
                        "height": 3648,
                        "html_attributions": [
                              "<a href=\"https://maps.google.com/maps/contrib/114601775167104384180\">Baerbel Koehler</a>"
                        ],
                        "photo_reference": "ATtYBwJgtTFKOx5KaVgsJN3pomrUmjoyfLZ3bFbcZhw6V6w7rEvrW3QiF0WzbQ0ApFyrqajMO7kqHOFNwZRRyHfUnJR3BfhECsaIRcpUB4v5_UM0GuAzGtelhWCZImtifQ5ZcFRKqs5XutTLLj57NsdM2dR7Ma0ktwkPMzx_ntjwLeWqF7xz",
                        "width": 2736
                  },
                  {
                        "height": 747,
                        "html_attributions": [
                              "<a href=\"https://maps.google.com/maps/contrib/106414588854684359228\">W. K.</a>"
                        ],
                        "photo_reference": "ATtYBwLjJ1aThpOXKrFDWlYj9D5-6A5Iv1BOp8YJ7SPtZOq2fXMNCmDoh17QMf_DBYSCGJoCqqTEaZ5IfawWHGcozwhX_s64ZFJM7zA9crexPv5yEer5sQEOU-AFPKsFXi2-wthGBj_XKhVNwHS6mxMca4u15q6fzXIjRQdATAcdQO-KY3gV",
                        "width": 1328
                  },
                  {
                        "height": 3024,
                        "html_attributions": [
                              "<a href=\"https://maps.google.com/maps/contrib/113373278093521693253\">Michelangelo Martino</a>"
                        ],
                        "photo_reference": "ATtYBwJXfSdEbQ0XNZ4EkEkYSW0PVN23OYuQQDrf_CV7pTaqbEgUrkbIIPJjJ1hetMScesjFzzxqL-QC9PKBh8yN_PlajtscaNFWM0kKN4KPt91o54q-vEE3aG3-1_t49E4ZeohYL12I7BNUrAt6ca4e4EbsbFAIdKRpYWky07hBWDIDH58u",
                        "width": 4032
                  }
            ],
            "pygeo_data": {
                  "road": "Walderweg - Via Walder",
                  "hamlet": "Walder",
                  "village": "Innichen - San Candido",
                  "municipality": "Pustertal - Val Pusteria",
                  "county": "Bolzano - Bozen",
                  "state": "Trentino-Alto Adige/Südtirol",
                  "postcode": "39038",
                  "country": "Italia",
                  "country_code": "it"
            }
      },
      "ChIJhYxzW777fUcR1T2kmQDtjKE": {
            "place_name": "Versalis - Input TIR",
            "formatted_address": "Via Baiona, 107, 48123 Ravenna RA, Italy",
            "address_components": [
                  {
                        "long_name": "107",
                        "short_name": "107",
                        "types": [
                              "street_number"
                        ]
                  },
                  {
                        "long_name": "Via Baiona",
                        "short_name": "Via Baiona",
                        "types": [
                              "route"
                        ]
                  },
                  {
                        "long_name": "Ravenna",
                        "short_name": "Ravenna",
                        "types": [
                              "locality",
                              "political"
                        ]
                  },
                  {
                        "long_name": "Ravenna",
                        "short_name": "Ravenna",
                        "types": [
                              "administrative_area_level_3",
                              "political"
                        ]
                  },
                  {
                        "long_name": "Provincia di Ravenna",
                        "short_name": "RA",
                        "types": [
                              "administrative_area_level_2",
                              "political"
                        ]
                  },
                  {
                        "long_name": "Emilia-Romagna",
                        "short_name": "Emilia-Romagna",
                        "types": [
                              "administrative_area_level_1",
                              "political"
                        ]
                  },
                  {
                        "long_name": "Italy",
                        "short_name": "IT",
                        "types": [
                              "country",
                              "political"
                        ]
                  },
                  {
                        "long_name": "48123",
                        "short_name": "48123",
                        "types": [
                              "postal_code"
                        ]
                  }
            ],
            "gm_lat": 44.442011,
            "gm_lon": 12.2383713,
            "place_types": [
                  "point_of_interest",
                  "establishment"
            ],
            "gm_url": "https://maps.google.com/?cid=11640939723679350229",
            "vicinity": "Via Baiona, 107, Ravenna",
            "photos": [
                  {
                        "height": 1920,
                        "html_attributions": [
                              "<a href=\"https://maps.google.com/maps/contrib/103635325230546291759\">Roberto Nardi</a>"
                        ],
                        "photo_reference": "ATtYBwJCljJG3yn3UxfxSEgbcYwmtGlm2phX7yItPBgW8p8iYGqqf32LEYUA_eR03-cB207sBssYWjNDUh7hyV4DVH3WMYb0QoKNWySZOIgixPp6-iFT0vLLXx3EDKSJtTVxEnBjW54ukEbyzUQm5fJcLt0PSt23EhItV4sJ3nNY8SxT4i_T",
                        "width": 1080
                  },
                  {
                        "height": 1920,
                        "html_attributions": [
                              "<a href=\"https://maps.google.com/maps/contrib/103635325230546291759\">Roberto Nardi</a>"
                        ],
                        "photo_reference": "ATtYBwLHL9iz-KN38ZIj-ZrrFOj3P7KgwhOWEh3MKkzRXdxzCwLsI9xAtc4jpB1XvwxiPF2CxZifZraeHGCzAC97k87oaOUuuICpL0ZnHGXK1j1INEYhA2ajnXB8lV-zT-70KJzn2d9ba12NwJOwnodDSn3fL3gi10jgy8KbQ1kXQaeWq90m",
                        "width": 1080
                  },
                  {
                        "height": 3264,
                        "html_attributions": [
                              "<a href=\"https://maps.google.com/maps/contrib/111866886680472644073\">Piero Bucci</a>"
                        ],
                        "photo_reference": "ATtYBwIIfzV9JCJJB8IKFQjYivVGKRJsl9gj48HcT45bRjDYkz6nmuQrW-yK2kbIB9bEjDIkWjOr334RLjs5IBIfHA6dl7UPDF4xML5cycFYy7Y2mNB3KaITS-LnKcAdWMwzZoHmgHwjzeg9pfsvOVewQRcratBZiBzjooRSjy6thasU_gHI",
                        "width": 1836
                  },
                  {
                        "height": 4032,
                        "html_attributions": [
                              "<a href=\"https://maps.google.com/maps/contrib/112613376434905922477\">Luca Zacchi</a>"
                        ],
                        "photo_reference": "ATtYBwIh6teyMf9PG0GtGRoEN-9nl5YyIlLoXcM6OPR7o36Q5ZaOsUlsTz2BR_W9sH41I1x4uMnbVCGQQGpM40fnyLZxhQduDeiwKWD6DJJRRqeRW-NWdRuMQQ0kyG5Hok5shh91qVHZSotsCOF-g2g67iXdbJbHOj84Or6asIJrDtiadAVf",
                        "width": 3024
                  },
                  {
                        "height": 4032,
                        "html_attributions": [
                              "<a href=\"https://maps.google.com/maps/contrib/112613376434905922477\">Luca Zacchi</a>"
                        ],
                        "photo_reference": "ATtYBwKac0T_LfanaAjdVRZBuhQThfPQhIxuywC3Korokt4qeqLRJL-ZxwzyX9994u69_YfTP2BNOVFra_0lUYAXBWvJjk28hjJmF-wcoUT2qmom-TQIGCAhfC5Uai9JzAb75KDcuiG8H6KgcLYnF-s615Byl1PVnk--dabqTDh8DgElSP9J",
                        "width": 3024
                  },
                  {
                        "height": 3024,
                        "html_attributions": [
                              "<a href=\"https://maps.google.com/maps/contrib/112613376434905922477\">Luca Zacchi</a>"
                        ],
                        "photo_reference": "ATtYBwKlOMfm8YOSmf30UHVXEA2BKoUYDqtWGQX9C37ews6sR6yKm65uN2S7f_OvjsvNJqZoS6klibBYJk9GBawCRUA6Libmuor9ogV4r7x3PXE8jD0h-MCEbOowbA1nQLH8b9UpFNJXjS1-7o1gko4cFQ2AfFBPOJnKNfkRClg94rgOMAzd",
                        "width": 4032
                  }
            ],
            "pygeo_data": {
                  "road": "Via Baiona",
                  "city": "Ravenna",
                  "county": "Ravenna",
                  "state": "Emilia-Romagna",
                  "postcode": "48122",
                  "country": "Italia",
                  "country_code": "it"
            }
      },
      "ChIJiQJuUTTlOhMRZ4ZI_YfKubw": {
            "place_name": "Sparanise",
            "formatted_address": "81056 Sparanise, Province of Caserta, Italy",
            "address_components": [
                  {
                        "long_name": "Sparanise",
                        "short_name": "Sparanise",
                        "types": [
                              "locality",
                              "political"
                        ]
                  },
                  {
                        "long_name": "Sparanise",
                        "short_name": "Sparanise",
                        "types": [
                              "administrative_area_level_3",
                              "political"
                        ]
                  },
                  {
                        "long_name": "Province of Caserta",
                        "short_name": "CE",
                        "types": [
                              "administrative_area_level_2",
                              "political"
                        ]
                  },
                  {
                        "long_name": "Campania",
                        "short_name": "Campania",
                        "types": [
                              "administrative_area_level_1",
                              "political"
                        ]
                  },
                  {
                        "long_name": "Italy",
                        "short_name": "IT",
                        "types": [
                              "country",
                              "political"
                        ]
                  },
                  {
                        "long_name": "81056",
                        "short_name": "81056",
                        "types": [
                              "postal_code"
                        ]
                  }
            ],
            "gm_lat": 41.1933964,
            "gm_lon": 14.099336,
            "place_types": [
                  "locality",
                  "political"
            ],
            "gm_url": "https://maps.google.com/?q=81056+Sparanise,+Province+of+Caserta,+Italy&ftid=0x133ae534516e0289:0xbcb9ca87fd488667",
            "vicinity": "Sparanise",
            "photos": null,
            "pygeo_data": {
                  "road": "Corso Saverio Solimene",
                  "village": "Sparanise",
                  "county": "Caserta",
                  "state": "Campania",
                  "postcode": "81056",
                  "country": "Italia",
                  "country_code": "it"
            }
      },
      "ChIJF0eN9rcbLhMRyHO0TKJTWoI": {
            "place_name": "Venamartello",
            "formatted_address": "63095 Venamartello, Province of Ascoli Piceno, Italy",
            "address_components": [
                  {
                        "long_name": "Venamartello",
                        "short_name": "Venamartello",
                        "types": [
                              "locality",
                              "political"
                        ]
                  },
                  {
                        "long_name": "Acquasanta Terme",
                        "short_name": "Acquasanta Terme",
                        "types": [
                              "administrative_area_level_3",
                              "political"
                        ]
                  },
                  {
                        "long_name": "Province of Ascoli Piceno",
                        "short_name": "AP",
                        "types": [
                              "administrative_area_level_2",
                              "political"
                        ]
                  },
                  {
                        "long_name": "Marche",
                        "short_name": "Marche",
                        "types": [
                              "administrative_area_level_1",
                              "political"
                        ]
                  },
                  {
                        "long_name": "Italy",
                        "short_name": "IT",
                        "types": [
                              "country",
                              "political"
                        ]
                  },
                  {
                        "long_name": "63095",
                        "short_name": "63095",
                        "types": [
                              "postal_code"
                        ]
                  }
            ],
            "gm_lat": 42.7896735,
            "gm_lon": 13.4164107,
            "place_types": [
                  "locality",
                  "political"
            ],
            "gm_url": "https://maps.google.com/?q=63095+Venamartello,+Province+of+Ascoli+Piceno,+Italy&ftid=0x132e1bb7f68d4717:0x825a53a24cb473c8",
            "vicinity": "Venamartello",
            "photos": [
                  {
                        "height": 1536,
                        "html_attributions": [
                              "<a href=\"https://maps.google.com/maps/contrib/113036195633161675341\">Alberto</a>"
                        ],
                        "photo_reference": "ATtYBwI6V0vxEZkxpOUr8aaIOtSHZrw7_OVDAeeDuuosKwvS0x78GRD_sIU-vbVi-y-yroZ-lomTw89_orvgOeijm5f-8jo5xtDSsA2k29_YRKJANlGGfGYNu1OluIsgC0k6yZO_9Mk8G7jk9bsACy1huD9VKKgYsQJnqAiqC2vLLxJOPjKt",
                        "width": 2048
                  },
                  {
                        "height": 1536,
                        "html_attributions": [
                              "<a href=\"https://maps.google.com/maps/contrib/113036195633161675341\">Alberto</a>"
                        ],
                        "photo_reference": "ATtYBwKXsx0Wz5EZAhIXn4JfwMZPRU43po1U6k6uwhDjptwjdGGNwT76Lmd-fsIvJ82n6FF8-eKOtTY125U_qsfrYL53cF4fcEPeZgNuP9hQ2_BFLesk8Yzdy8nyYvcS5w3qmz43oBuZjRbLOtiLo4yZnAybg3aKPQ8kOScDUv5W_b6pJakq",
                        "width": 2048
                  }
            ],
            "pygeo_data": {
                  "hamlet": "Venamartello",
                  "village": "Acquasanta Terme",
                  "county": "Ascoli Piceno",
                  "state": "Marche",
                  "postcode": "63095",
                  "country": "Italia",
                  "country_code": "it"
            }
      }
}