﻿word_string,word_type,white_flag,add_back,English Meaning,Language,Vintage,Info source
ad,PREP,,,,,,
ag,COMP,,,,,ORIG,
airfield,SITE,,,,,,
ascoli,GEO,1,,,,ORIG,
albania,CNTRY,,,,,,
bad,SUB,1,1,,,,
am,PREP,,,,,,
ampliacion,POW,,,extension,,,
and,PREP,,,,,,
at,PREP,,,,,,
austria,CNTRY,,,,,,
belgium,CNTRY,,,,,,
bhkw,COMP,,,,,,
brewery,SITE,1,1,,,,
brindisi,GEO,1,,,,,
biogas,FUEL,,,,,,
biomasa,FUEL,,,,,,
biomass,FUEL,,,,,,
biomassa,POW,,1,,,ORIG,
bis,ABB,,,,,,
bosnia,CNTRY,,,,,,
bulgaria,CNTRY,,,,,,
can,UNK,,,,,,
ccgt,TECH,,,,,,
center,POW,,1,,,,
central,GEO,,,,,,
centrale,GEO,,1,,,ORIG,
centre,POW,,1,,,,
ceramica,SITE,,,ceramics,,,
ceramicas,SITE,,,,,,
cet,COMP,,,,,,
cg,UNK,,,???,,,
dalkia,GEO,1,,,,,
dam,FUEL,1,,,,,
ch,CNTRY,,,Switzerland?,,,
chp,TECH,,,,,ORIG,
chpp,TECH,,,,,,
coal,FUEL,,,,,,
cogen,TECH,,,,,,
cogeneracion,TECH,,,cogeneration,Spanish,,
dimitrios,GEO,1,,,,,
cogenerazione,TECH,,,cogeneration,Italian,,
combustion,POW,,,,,,
contrada,GEO,,1,sub-division,Italian,ORIG,
croatia,CNTRY,,,,,,
czech,CNTRY,,,,,,
da,PREP,,1,,,,
dampfturbinenanlage,TECH,,,steam turbine plant,German,,
de,PREP,,1,,,,
del,PREP,,1,,,ORIG,
eem,GEO,1,,,,,
della,PREP,,1,,,ORIG,
denmark,CNTRY,,,,,,
di,PREP,,1,,,ORIG,
discarica,UNK,,,,,,
do,PREP,,1,,,,
dt,ABB,,,,,,
du,PREP,,1,,,,
east,GEO,,,,,,
ec,UNK,,,,,ORIG,
edar,UNK,,,,,,
edipower,OWN,,,,,,
edipower,OWN,,,,,,
edison,OWN,,,,,,
edison,OWN,,,,,,
factory,POW,1,,,,,
efw,ABB,,,,,,
el,PREP,,1,,,,
en,UNK,,,England?,,,
endesa,OWN,,,,,,
enel,OWN,,,,,,
enel,OWN,,,,,,
energia,OWN,,,,,ORIG,
energia,POW,,1,,,,
energy,POW,,1,,,,
enge,UNK,,,,,,
enipower,POW,,,,,ORIG,
gravelines,GEO,1,,s a commune in the Nord department in Northern France. It lies at the mouth of the river Aa 15 miles (24 km) southwest of Dunkirk.,,ORIG,https://en.wikipedia.org/wiki/Gravelines
eolico,FUEL,,,wind power,Italian,,
greenhouse,SITE,1,1,,,,
erőmű,POW,,1,,,ORIG,
esc,ABB,,,,,ORIG,
estate,SITE,,,,,,
hall,SUB,1,1,,,,
estonia,CNTRY,,,,,,
et,PREP,,1,,,,
extension,UNK,,,,,,
hill,GEO,1,,,,,
hilton,SITE,1,1,,,,
farm,FUEL,,,,,,tends to indicate 'wind farm'
home,SUB,1,1,,,,
fenosa,OWN,,,,,,
hosp,SITE,1,1,hospital,,,
hospital,SITE,1,1,,,,
hotel,SITE,1,1,,,,
house,SUB,1,1,,,,
finland,CNTRY,,,,,,
france,CNTRY,,,,,,
fw,ABB,,,,,,
gas,FUEL,,,,,,
gasnatural,OWN,,,,,,
gemeinschaftskernkraftwerk,FUEL,,,community nuclear power plant,,,
generating,POW,,,,,,
generator,POW,,,,,,
germany,CNTRY,,,,,,
gkn,ABB,,,,,,
gr,UNK,,,Greece?,,,
grand,SUB,,1,,,,
greece,CNTRY,,,,,,
grupo,COMP,,,,,,
gt,ABB,,,,,,
gud,SUB,,,GuD == CCGT??,,,
haut,SUB,,1,,,,
he,UNK,,,,,ORIG,
heizkraftwerk,POW,,,thermal power station,,,
herzegovina,CNTRY,,,,,,
hidroelectrica,TECH,,,,,,
hkw,FUEL,,,Heizkraftwerk - thermal power station,,,
hopital,TYPO,,,,,,
hpp,ABB,,,hydro power plant?,,ORIG,
hungary,CNTRY,,,,,,
hydro,FUEL,,,,,,
hydroelectric,FUEL,,,,,,
iberdrola,OWN,,,,,,
ic,ABB,,,internal combustion?,,,
landfill,SITE,1,1,,,,
igcc,TECH,,,,,,
ikw,ABB,,,,,,
impianto,POW,,,plant,Italian,ORIG,
leisure,SITE,1,1,,,,
in,PREP,,1,,,ORIG,
ireland,CNTRY,,,,,,
isola,GEO,,1,island,Italian,,
martin,UNK,1,,,,,
mill,SUB,1,1,,,,
italy,CNTRY,,,,,,
moat,SUB,1,1,,,,
ivpc,ABB,,,,,ORIG,
kbr,ABB,,,,,,
kernkraft,POW,,,core power,,,
kernkraftwerk,FUEL,,,nuclear power plant,,,
kki,ABB,,,,,,
kkp,ABB,,,,,,
new,SUB,1,1,,,,
kle,ABB,,,,,,
kohlekraftwerk,FUEL,,,coal power plant,German,,
központ,POW,,,center,Hungarian,ORIG,
kraft,POW,,,,,,
kraftverk,POW,,,,,,
nova,SUB,1,1,,,,
kraftwerk,POW,,,,,ORIG,
kraftwerke,POW,,,power plant,German,,
krb,ABB,,,,,,
kw,COMP,,,,,,
kwg,COMP,,,,,,
la,PREP,,1,,,,
land,SUB,,,,,,
lane,SUB,,,,,,
park,POW,1,,,,,
las,PREP,,1,,,,
latvia,CNTRY,,,,,,
le,PREP,,1,,,,
les,PREP,,1,,,,
lithuania,CNTRY,,,,,,
los,PREP,,1,,,,
lwkw,COMP,,,,,,
pool,SUB,1,1,,,,
mini,UNK,,,,,,
porto,SUB,1,1,,,,
moli,UNK,,,moles?,,,
molino,SITE,,,mill,,,
monte,GEO,,1,,,ORIG,
moor,SUB,,,,,,
mühle,SITE,,,mill,,,
murge,UNK,,,,,ORIG,
mw,ABB,,,,,ORIG,
nas,UNK,,,naval air station?,,,
netherland,CNTRY,,,,,,
netherlands,CNTRY,,,,,,
nord,GEO,,1,,,ORIG,
nordsee,GEO,,1,,,,
north,GEO,,,,,,
northern,GEO,,1,,,,
norway,CNTRY,,,,,,
nuclear,FUEL,,,,,,
nuova,SUB,,1,,,ORIG,
ocgt,TECH,,,,,,
of,PREP,,,,,,
satriano,GEO,1,,,,ORIG,
ohu,UNK,,,,,,
oil,FUEL,,,,,,
on,PREP,,1,,,,
sewage,SITE,1,1,,,,
ostsee,GEO,,1,,,,
papelera,SITE,,,paper bin,,,
parco,SUB,,1,,,ORIG,
parque,SUB,,1,,,,
peaking,TECH,,,,,,
phase,POW,,,,,,
plant,POW,,,,,,
planta,POW,,,,,,
poland,CNTRY,,,,,,
pont,SUB,,1,,,,
ponte,SUB,,1,,,ORIG,
poqwer,TYPO,,,,,,
portugal,CNTRY,,,,,,
power,POW,,,,,,
prod,POW,,,,,ORIG,
production,POW,,,,,ORIG,
project,POW,,,,,,
ps,ABB,,,power station,,,
psw,ABB,,,,,,
puente,SUB,,,bridge,,,
pumped,TECH,,,,,,
purines,SITE,,,slurry,,,
quarry,SITE,,,,,,
raffineriekraftwerk,POW,,,refinery power plant,German,,
rc,UNK,,,,,,
rebuild,UNK,,,,,,
refinery,SITE,,1,,,,
republic,UNK,,1,,,,
villa,SUB,1,1,,,,
resubmission,UNK,,,,,,
rio,GEO,,1,,,,
road,SUB,,,,,,
romania,CNTRY,,,,,,
rwe,OWN,,,,,,
saint,SUB,,1,,,ORIG,
salto,SUB,,,jump?,,,
san,SUB,,1,,,ORIG,
santa,SUB,,1,,,,
scheme,POW,,,,,,
scotland,CNTRY,,,,,,
serbia,CNTRY,,,,,,
serra,SUB,,1,,,ORIG,
shutdown,POW,,,,,,
sierra,SUB,,1,,,,
site,SITE,,,,,,
slovakia,CNTRY,,,,,,
slovenia,CNTRY,,,,,,
solar,FUEL,,,,,,
south,GEO,,,,,,
spa,COMP,,,,,,
spain,CNTRY,,,,,,
st,SUB,,1,,,ORIG,
station,POW,,,,,,
storage,TECH,,,,,,
sud,GEO,,1,,,ORIG,
süd,GEO,,1,,,,
sugar,SITE,,1,,,,
super,GEO,,1,,,,
sur,GEO,,1,,,,
sweden,CNTRY,,,,,,
switzerland,CNTRY,,,,,,
szabályozási,POW,,1,regulatory,,ORIG,
te,UNK,,,,,ORIG,
termovalorizzatore,FUEL,,,waste-to-energy plant,Italian,,
the,PREP,,,,,,
thermal,TECH,,,,,,
to,PREP,,,,,,
tpp,ABB,,,thermal power plant?,,ORIG,
tratamiento,SITE,,,treatment,,,
tratamiento de purines,POW,,,slurry treatment,,,
troia,UNK,,,,,ORIG,
turbine,TECH,,,,,,
tws,UNK,,,,,,
uk,CNTRY,,,,,,
unit,POW,,,,,,
united kingdom,CNTRY,,,,,,
up,PREP,,,,,,
van,PREP,,1,,,,
vento,FUEL,,,wind,Italian,ORIG,
vertedero,SITE,,,dump,,,
wasserkraft,FUEL,,,hydropower,,,
wasserkraftanlage,FUEL,,,hydropower plant,,,
wasserkraftwerk,FUEL,,,hydroelectric power plant,,,
waste,FUEL,,,,,,
werk,POW,,,,,,
west,GEO,,1,,,ORIG,
wind,FUEL,,,,,ORIG,
windfarm,POW,,,,,,
windpark,FUEL,,,,,ORIG,
wka,ABB,,,,,,
wkw,ABB,,,,,,
wood,SUB,,,,,,
works,SITE,,1,,,,
wp,UNK,,,,,,
wpd,UNK,,,,,,
wpp,ABB,,,,,ORIG,
wte,ABB,,,waste-to-energy,,,
wtg,FUEL,,,wind turbine generator,,,
wwtp,ABB,,,waste-water treatment plant?,,,
zar,POW,,,heat,,,
